[
    [
        {
            "tag": "epoch",
            "value": 0.0
        },
        {
            "tag": "train/box_loss",
            "value": 1.6117
        },
        {
            "tag": "train/cls_loss",
            "value": 4.4455
        },
        {
            "tag": "train/dfl_loss",
            "value": 1.1293
        },
        {
            "tag": "metrics/precision(B)",
            "value": 0.00269
        },
        {
            "tag": "metrics/recall(B)",
            "value": 0.80455
        },
        {
            "tag": "metrics/mAP50(B)",
            "value": 0.25808
        },
        {
            "tag": "metrics/mAP50-95(B)",
            "value": 0.17258
        },
        {
            "tag": "val/box_loss",
            "value": 0.48227
        },
        {
            "tag": "val/cls_loss",
            "value": 3.8741
        },
        {
            "tag": "val/dfl_loss",
            "value": 0.83691
        },
        {
            "tag": "lr/pg0",
            "value": 0.0991
        },
        {
            "tag": "lr/pg1",
            "value": 0.0001
        },
        {
            "tag": "lr/pg2",
            "value": 0.0001
        }
    ],
    [
        {
            "tag": "epoch",
            "value": 1.0
        },
        {
            "tag": "train/box_loss",
            "value": 1.4951
        },
        {
            "tag": "train/cls_loss",
            "value": 4.5466
        },
        {
            "tag": "train/dfl_loss",
            "value": 1.1053
        },
        {
            "tag": "metrics/precision(B)",
            "value": 0.00284
        },
        {
            "tag": "metrics/recall(B)",
            "value": 0.85
        },
        {
            "tag": "metrics/mAP50(B)",
            "value": 0.26448
        },
        {
            "tag": "metrics/mAP50-95(B)",
            "value": 0.21052
        },
        {
            "tag": "val/box_loss",
            "value": 0.48073
        },
        {
            "tag": "val/cls_loss",
            "value": 3.8542
        },
        {
            "tag": "val/dfl_loss",
            "value": 0.83335
        },
        {
            "tag": "lr/pg0",
            "value": 0.097294
        },
        {
            "tag": "lr/pg1",
            "value": 0.00029406
        },
        {
            "tag": "lr/pg2",
            "value": 0.00029406
        }
    ],
    [
        {
            "tag": "epoch",
            "value": 2.0
        },
        {
            "tag": "train/box_loss",
            "value": 1.4838
        },
        {
            "tag": "train/cls_loss",
            "value": 4.626
        },
        {
            "tag": "train/dfl_loss",
            "value": 1.1051
        },
        {
            "tag": "metrics/precision(B)",
            "value": 0.003
        },
        {
            "tag": "metrics/recall(B)",
            "value": 0.9
        },
        {
            "tag": "metrics/mAP50(B)",
            "value": 0.26321
        },
        {
            "tag": "metrics/mAP50-95(B)",
            "value": 0.20898
        },
        {
            "tag": "val/box_loss",
            "value": 0.49023
        },
        {
            "tag": "val/cls_loss",
            "value": 3.8256
        },
        {
            "tag": "val/dfl_loss",
            "value": 0.82487
        },
        {
            "tag": "lr/pg0",
            "value": 0.09548
        },
        {
            "tag": "lr/pg1",
            "value": 0.0004802
        },
        {
            "tag": "lr/pg2",
            "value": 0.0004802
        }
    ],
    [
        {
            "tag": "epoch",
            "value": 3.0
        },
        {
            "tag": "train/box_loss",
            "value": 1.4646
        },
        {
            "tag": "train/cls_loss",
            "value": 4.1788
        },
        {
            "tag": "train/dfl_loss",
            "value": 1.1372
        },
        {
            "tag": "metrics/precision(B)",
            "value": 0.00317
        },
        {
            "tag": "metrics/recall(B)",
            "value": 0.95
        },
        {
            "tag": "metrics/mAP50(B)",
            "value": 0.26462
        },
        {
            "tag": "metrics/mAP50-95(B)",
            "value": 0.20976
        },
        {
            "tag": "val/box_loss",
            "value": 0.49371
        },
        {
            "tag": "val/cls_loss",
            "value": 3.8017
        },
        {
            "tag": "val/dfl_loss",
            "value": 0.81629
        },
        {
            "tag": "lr/pg0",
            "value": 0.093658
        },
        {
            "tag": "lr/pg1",
            "value": 0.00065842
        },
        {
            "tag": "lr/pg2",
            "value": 0.00065842
        }
    ],
    [
        {
            "tag": "epoch",
            "value": 4.0
        },
        {
            "tag": "train/box_loss",
            "value": 1.5847
        },
        {
            "tag": "train/cls_loss",
            "value": 4.7556
        },
        {
            "tag": "train/dfl_loss",
            "value": 1.1799
        },
        {
            "tag": "metrics/precision(B)",
            "value": 0.00317
        },
        {
            "tag": "metrics/recall(B)",
            "value": 0.95
        },
        {
            "tag": "metrics/mAP50(B)",
            "value": 0.26031
        },
        {
            "tag": "metrics/mAP50-95(B)",
            "value": 0.19195
        },
        {
            "tag": "val/box_loss",
            "value": 0.48204
        },
        {
            "tag": "val/cls_loss",
            "value": 3.8056
        },
        {
            "tag": "val/dfl_loss",
            "value": 0.81768
        },
        {
            "tag": "lr/pg0",
            "value": 0.091829
        },
        {
            "tag": "lr/pg1",
            "value": 0.00082872
        },
        {
            "tag": "lr/pg2",
            "value": 0.00082872
        }
    ],
    [
        {
            "tag": "epoch",
            "value": 5.0
        },
        {
            "tag": "train/box_loss",
            "value": 1.557
        },
        {
            "tag": "train/cls_loss",
            "value": 4.685
        },
        {
            "tag": "train/dfl_loss",
            "value": 1.1515
        },
        {
            "tag": "metrics/precision(B)",
            "value": 0.003
        },
        {
            "tag": "metrics/recall(B)",
            "value": 0.9
        },
        {
            "tag": "metrics/mAP50(B)",
            "value": 0.24275
        },
        {
            "tag": "metrics/mAP50-95(B)",
            "value": 0.21869
        },
        {
            "tag": "val/box_loss",
            "value": 0.4967
        },
        {
            "tag": "val/cls_loss",
            "value": 3.8074
        },
        {
            "tag": "val/dfl_loss",
            "value": 0.81416
        },
        {
            "tag": "lr/pg0",
            "value": 0.089991
        },
        {
            "tag": "lr/pg1",
            "value": 0.0009911
        },
        {
            "tag": "lr/pg2",
            "value": 0.0009911
        }
    ],
    [
        {
            "tag": "epoch",
            "value": 6.0
        },
        {
            "tag": "train/box_loss",
            "value": 1.404
        },
        {
            "tag": "train/cls_loss",
            "value": 4.4569
        },
        {
            "tag": "train/dfl_loss",
            "value": 1.0929
        },
        {
            "tag": "metrics/precision(B)",
            "value": 0.0032
        },
        {
            "tag": "metrics/recall(B)",
            "value": 0.95
        },
        {
            "tag": "metrics/mAP50(B)",
            "value": 0.23978
        },
        {
            "tag": "metrics/mAP50-95(B)",
            "value": 0.19525
        },
        {
            "tag": "val/box_loss",
            "value": 0.51757
        },
        {
            "tag": "val/cls_loss",
            "value": 3.8165
        },
        {
            "tag": "val/dfl_loss",
            "value": 0.81435
        },
        {
            "tag": "lr/pg0",
            "value": 0.088146
        },
        {
            "tag": "lr/pg1",
            "value": 0.0011456
        },
        {
            "tag": "lr/pg2",
            "value": 0.0011456
        }
    ],
    [
        {
            "tag": "epoch",
            "value": 7.0
        },
        {
            "tag": "train/box_loss",
            "value": 1.283
        },
        {
            "tag": "train/cls_loss",
            "value": 4.3898
        },
        {
            "tag": "train/dfl_loss",
            "value": 1.0332
        },
        {
            "tag": "metrics/precision(B)",
            "value": 0.00342
        },
        {
            "tag": "metrics/recall(B)",
            "value": 1.0
        },
        {
            "tag": "metrics/mAP50(B)",
            "value": 0.18803
        },
        {
            "tag": "metrics/mAP50-95(B)",
            "value": 0.16917
        },
        {
            "tag": "val/box_loss",
            "value": 0.51266
        },
        {
            "tag": "val/cls_loss",
            "value": 3.832
        },
        {
            "tag": "val/dfl_loss",
            "value": 0.82024
        },
        {
            "tag": "lr/pg0",
            "value": 0.086292
        },
        {
            "tag": "lr/pg1",
            "value": 0.0012921
        },
        {
            "tag": "lr/pg2",
            "value": 0.0012921
        }
    ],
    [
        {
            "tag": "epoch",
            "value": 8.0
        },
        {
            "tag": "train/box_loss",
            "value": 1.3328
        },
        {
            "tag": "train/cls_loss",
            "value": 4.3629
        },
        {
            "tag": "train/dfl_loss",
            "value": 1.0648
        },
        {
            "tag": "metrics/precision(B)",
            "value": 0.00336
        },
        {
            "tag": "metrics/recall(B)",
            "value": 1.0
        },
        {
            "tag": "metrics/mAP50(B)",
            "value": 0.2173
        },
        {
            "tag": "metrics/mAP50-95(B)",
            "value": 0.15714
        },
        {
            "tag": "val/box_loss",
            "value": 0.51293
        },
        {
            "tag": "val/cls_loss",
            "value": 3.7912
        },
        {
            "tag": "val/dfl_loss",
            "value": 0.81937
        },
        {
            "tag": "lr/pg0",
            "value": 0.084431
        },
        {
            "tag": "lr/pg1",
            "value": 0.0014307
        },
        {
            "tag": "lr/pg2",
            "value": 0.0014307
        }
    ],
    [
        {
            "tag": "epoch",
            "value": 9.0
        },
        {
            "tag": "train/box_loss",
            "value": 0.96337
        },
        {
            "tag": "train/cls_loss",
            "value": 3.7667
        },
        {
            "tag": "train/dfl_loss",
            "value": 0.9717
        },
        {
            "tag": "metrics/precision(B)",
            "value": 0.00334
        },
        {
            "tag": "metrics/recall(B)",
            "value": 1.0
        },
        {
            "tag": "metrics/mAP50(B)",
            "value": 0.27914
        },
        {
            "tag": "metrics/mAP50-95(B)",
            "value": 0.23318
        },
        {
            "tag": "val/box_loss",
            "value": 0.58471
        },
        {
            "tag": "val/cls_loss",
            "value": 3.7522
        },
        {
            "tag": "val/dfl_loss",
            "value": 0.81056
        },
        {
            "tag": "lr/pg0",
            "value": 0.082561
        },
        {
            "tag": "lr/pg1",
            "value": 0.0015614
        },
        {
            "tag": "lr/pg2",
            "value": 0.0015614
        }
    ],
    [
        {
            "tag": "epoch",
            "value": 10.0
        },
        {
            "tag": "train/box_loss",
            "value": 0.91675
        },
        {
            "tag": "train/cls_loss",
            "value": 3.6337
        },
        {
            "tag": "train/dfl_loss",
            "value": 0.88393
        },
        {
            "tag": "metrics/precision(B)",
            "value": 0.00334
        },
        {
            "tag": "metrics/recall(B)",
            "value": 1.0
        },
        {
            "tag": "metrics/mAP50(B)",
            "value": 0.29352
        },
        {
            "tag": "metrics/mAP50-95(B)",
            "value": 0.2508
        },
        {
            "tag": "val/box_loss",
            "value": 0.55704
        },
        {
            "tag": "val/cls_loss",
            "value": 3.6854
        },
        {
            "tag": "val/dfl_loss",
            "value": 0.78803
        },
        {
            "tag": "lr/pg0",
            "value": 0.080684
        },
        {
            "tag": "lr/pg1",
            "value": 0.0016842
        },
        {
            "tag": "lr/pg2",
            "value": 0.0016842
        }
    ],
    [
        {
            "tag": "epoch",
            "value": 11.0
        },
        {
            "tag": "train/box_loss",
            "value": 0.84542
        },
        {
            "tag": "train/cls_loss",
            "value": 3.4297
        },
        {
            "tag": "train/dfl_loss",
            "value": 0.87982
        },
        {
            "tag": "metrics/precision(B)",
            "value": 0.00334
        },
        {
            "tag": "metrics/recall(B)",
            "value": 1.0
        },
        {
            "tag": "metrics/mAP50(B)",
            "value": 0.32263
        },
        {
            "tag": "metrics/mAP50-95(B)",
            "value": 0.29504
        },
        {
            "tag": "val/box_loss",
            "value": 0.5277
        },
        {
            "tag": "val/cls_loss",
            "value": 3.8249
        },
        {
            "tag": "val/dfl_loss",
            "value": 0.81975
        },
        {
            "tag": "lr/pg0",
            "value": 0.078799
        },
        {
            "tag": "lr/pg1",
            "value": 0.0017991
        },
        {
            "tag": "lr/pg2",
            "value": 0.0017991
        }
    ],
    [
        {
            "tag": "epoch",
            "value": 12.0
        },
        {
            "tag": "train/box_loss",
            "value": 1.0094
        },
        {
            "tag": "train/cls_loss",
            "value": 3.3355
        },
        {
            "tag": "train/dfl_loss",
            "value": 0.99977
        },
        {
            "tag": "metrics/precision(B)",
            "value": 0.00333
        },
        {
            "tag": "metrics/recall(B)",
            "value": 1.0
        },
        {
            "tag": "metrics/mAP50(B)",
            "value": 0.36643
        },
        {
            "tag": "metrics/mAP50-95(B)",
            "value": 0.32222
        },
        {
            "tag": "val/box_loss",
            "value": 0.56767
        },
        {
            "tag": "val/cls_loss",
            "value": 3.8133
        },
        {
            "tag": "val/dfl_loss",
            "value": 0.82056
        },
        {
            "tag": "lr/pg0",
            "value": 0.076906
        },
        {
            "tag": "lr/pg1",
            "value": 0.001906
        },
        {
            "tag": "lr/pg2",
            "value": 0.001906
        }
    ],
    [
        {
            "tag": "epoch",
            "value": 13.0
        },
        {
            "tag": "train/box_loss",
            "value": 0.79774
        },
        {
            "tag": "train/cls_loss",
            "value": 2.7535
        },
        {
            "tag": "train/dfl_loss",
            "value": 0.90256
        },
        {
            "tag": "metrics/precision(B)",
            "value": 0.00333
        },
        {
            "tag": "metrics/recall(B)",
            "value": 1.0
        },
        {
            "tag": "metrics/mAP50(B)",
            "value": 0.41423
        },
        {
            "tag": "metrics/mAP50-95(B)",
            "value": 0.34522
        },
        {
            "tag": "val/box_loss",
            "value": 0.59048
        },
        {
            "tag": "val/cls_loss",
            "value": 3.7255
        },
        {
            "tag": "val/dfl_loss",
            "value": 0.81007
        },
        {
            "tag": "lr/pg0",
            "value": 0.075005
        },
        {
            "tag": "lr/pg1",
            "value": 0.002005
        },
        {
            "tag": "lr/pg2",
            "value": 0.002005
        }
    ],
    [
        {
            "tag": "epoch",
            "value": 14.0
        },
        {
            "tag": "train/box_loss",
            "value": 0.77791
        },
        {
            "tag": "train/cls_loss",
            "value": 2.0473
        },
        {
            "tag": "train/dfl_loss",
            "value": 0.90435
        },
        {
            "tag": "metrics/precision(B)",
            "value": 0.00334
        },
        {
            "tag": "metrics/recall(B)",
            "value": 1.0
        },
        {
            "tag": "metrics/mAP50(B)",
            "value": 0.41154
        },
        {
            "tag": "metrics/mAP50-95(B)",
            "value": 0.35709
        },
        {
            "tag": "val/box_loss",
            "value": 0.57781
        },
        {
            "tag": "val/cls_loss",
            "value": 3.6191
        },
        {
            "tag": "val/dfl_loss",
            "value": 0.80938
        },
        {
            "tag": "lr/pg0",
            "value": 0.073096
        },
        {
            "tag": "lr/pg1",
            "value": 0.0020961
        },
        {
            "tag": "lr/pg2",
            "value": 0.0020961
        }
    ],
    [
        {
            "tag": "epoch",
            "value": 15.0
        },
        {
            "tag": "train/box_loss",
            "value": 0.72702
        },
        {
            "tag": "train/cls_loss",
            "value": 2.3375
        },
        {
            "tag": "train/dfl_loss",
            "value": 0.91932
        },
        {
            "tag": "metrics/precision(B)",
            "value": 0.0034
        },
        {
            "tag": "metrics/recall(B)",
            "value": 1.0
        },
        {
            "tag": "metrics/mAP50(B)",
            "value": 0.41892
        },
        {
            "tag": "metrics/mAP50-95(B)",
            "value": 0.36546
        },
        {
            "tag": "val/box_loss",
            "value": 0.55824
        },
        {
            "tag": "val/cls_loss",
            "value": 3.5195
        },
        {
            "tag": "val/dfl_loss",
            "value": 0.80371
        },
        {
            "tag": "lr/pg0",
            "value": 0.071179
        },
        {
            "tag": "lr/pg1",
            "value": 0.0021793
        },
        {
            "tag": "lr/pg2",
            "value": 0.0021793
        }
    ],
    [
        {
            "tag": "epoch",
            "value": 16.0
        },
        {
            "tag": "train/box_loss",
            "value": 0.90172
        },
        {
            "tag": "train/cls_loss",
            "value": 2.0421
        },
        {
            "tag": "train/dfl_loss",
            "value": 0.94771
        },
        {
            "tag": "metrics/precision(B)",
            "value": 0.00347
        },
        {
            "tag": "metrics/recall(B)",
            "value": 1.0
        },
        {
            "tag": "metrics/mAP50(B)",
            "value": 0.42277
        },
        {
            "tag": "metrics/mAP50-95(B)",
            "value": 0.35864
        },
        {
            "tag": "val/box_loss",
            "value": 0.61405
        },
        {
            "tag": "val/cls_loss",
            "value": 3.4284
        },
        {
            "tag": "val/dfl_loss",
            "value": 0.83027
        },
        {
            "tag": "lr/pg0",
            "value": 0.069255
        },
        {
            "tag": "lr/pg1",
            "value": 0.0022546
        },
        {
            "tag": "lr/pg2",
            "value": 0.0022546
        }
    ],
    [
        {
            "tag": "epoch",
            "value": 17.0
        },
        {
            "tag": "train/box_loss",
            "value": 0.75634
        },
        {
            "tag": "train/cls_loss",
            "value": 2.0088
        },
        {
            "tag": "train/dfl_loss",
            "value": 0.86159
        },
        {
            "tag": "metrics/precision(B)",
            "value": 0.00338
        },
        {
            "tag": "metrics/recall(B)",
            "value": 1.0
        },
        {
            "tag": "metrics/mAP50(B)",
            "value": 0.55351
        },
        {
            "tag": "metrics/mAP50-95(B)",
            "value": 0.47921
        },
        {
            "tag": "val/box_loss",
            "value": 0.6256
        },
        {
            "tag": "val/cls_loss",
            "value": 3.326
        },
        {
            "tag": "val/dfl_loss",
            "value": 0.8142
        },
        {
            "tag": "lr/pg0",
            "value": 0.067322
        },
        {
            "tag": "lr/pg1",
            "value": 0.0023219
        },
        {
            "tag": "lr/pg2",
            "value": 0.0023219
        }
    ],
    [
        {
            "tag": "epoch",
            "value": 18.0
        },
        {
            "tag": "train/box_loss",
            "value": 0.73773
        },
        {
            "tag": "train/cls_loss",
            "value": 1.7498
        },
        {
            "tag": "train/dfl_loss",
            "value": 0.90154
        },
        {
            "tag": "metrics/precision(B)",
            "value": 0.00336
        },
        {
            "tag": "metrics/recall(B)",
            "value": 1.0
        },
        {
            "tag": "metrics/mAP50(B)",
            "value": 0.57903
        },
        {
            "tag": "metrics/mAP50-95(B)",
            "value": 0.4862
        },
        {
            "tag": "val/box_loss",
            "value": 0.65034
        },
        {
            "tag": "val/cls_loss",
            "value": 3.2824
        },
        {
            "tag": "val/dfl_loss",
            "value": 0.82654
        },
        {
            "tag": "lr/pg0",
            "value": 0.065381
        },
        {
            "tag": "lr/pg1",
            "value": 0.0023813
        },
        {
            "tag": "lr/pg2",
            "value": 0.0023813
        }
    ],
    [
        {
            "tag": "epoch",
            "value": 19.0
        },
        {
            "tag": "train/box_loss",
            "value": 0.84598
        },
        {
            "tag": "train/cls_loss",
            "value": 1.7717
        },
        {
            "tag": "train/dfl_loss",
            "value": 0.92124
        },
        {
            "tag": "metrics/precision(B)",
            "value": 0.00338
        },
        {
            "tag": "metrics/recall(B)",
            "value": 1.0
        },
        {
            "tag": "metrics/mAP50(B)",
            "value": 0.65998
        },
        {
            "tag": "metrics/mAP50-95(B)",
            "value": 0.54306
        },
        {
            "tag": "val/box_loss",
            "value": 0.6357
        },
        {
            "tag": "val/cls_loss",
            "value": 3.1915
        },
        {
            "tag": "val/dfl_loss",
            "value": 0.82821
        },
        {
            "tag": "lr/pg0",
            "value": 0.063433
        },
        {
            "tag": "lr/pg1",
            "value": 0.0024328
        },
        {
            "tag": "lr/pg2",
            "value": 0.0024328
        }
    ],
    [
        {
            "tag": "epoch",
            "value": 20.0
        },
        {
            "tag": "train/box_loss",
            "value": 0.70124
        },
        {
            "tag": "train/cls_loss",
            "value": 1.6188
        },
        {
            "tag": "train/dfl_loss",
            "value": 0.87261
        },
        {
            "tag": "metrics/precision(B)",
            "value": 0.00336
        },
        {
            "tag": "metrics/recall(B)",
            "value": 1.0
        },
        {
            "tag": "metrics/mAP50(B)",
            "value": 0.80722
        },
        {
            "tag": "metrics/mAP50-95(B)",
            "value": 0.67009
        },
        {
            "tag": "val/box_loss",
            "value": 0.57264
        },
        {
            "tag": "val/cls_loss",
            "value": 3.185
        },
        {
            "tag": "val/dfl_loss",
            "value": 0.81365
        },
        {
            "tag": "lr/pg0",
            "value": 0.061476
        },
        {
            "tag": "lr/pg1",
            "value": 0.0024764
        },
        {
            "tag": "lr/pg2",
            "value": 0.0024764
        }
    ],
    [
        {
            "tag": "epoch",
            "value": 21.0
        },
        {
            "tag": "train/box_loss",
            "value": 0.64396
        },
        {
            "tag": "train/cls_loss",
            "value": 1.4727
        },
        {
            "tag": "train/dfl_loss",
            "value": 0.85442
        },
        {
            "tag": "metrics/precision(B)",
            "value": 0.00337
        },
        {
            "tag": "metrics/recall(B)",
            "value": 1.0
        },
        {
            "tag": "metrics/mAP50(B)",
            "value": 0.96146
        },
        {
            "tag": "metrics/mAP50-95(B)",
            "value": 0.79444
        },
        {
            "tag": "val/box_loss",
            "value": 0.5904
        },
        {
            "tag": "val/cls_loss",
            "value": 3.136
        },
        {
            "tag": "val/dfl_loss",
            "value": 0.83362
        },
        {
            "tag": "lr/pg0",
            "value": 0.059512
        },
        {
            "tag": "lr/pg1",
            "value": 0.0025121
        },
        {
            "tag": "lr/pg2",
            "value": 0.0025121
        }
    ],
    [
        {
            "tag": "epoch",
            "value": 22.0
        },
        {
            "tag": "train/box_loss",
            "value": 0.7295
        },
        {
            "tag": "train/cls_loss",
            "value": 1.5785
        },
        {
            "tag": "train/dfl_loss",
            "value": 0.88666
        },
        {
            "tag": "metrics/precision(B)",
            "value": 0.00336
        },
        {
            "tag": "metrics/recall(B)",
            "value": 1.0
        },
        {
            "tag": "metrics/mAP50(B)",
            "value": 0.85912
        },
        {
            "tag": "metrics/mAP50-95(B)",
            "value": 0.70574
        },
        {
            "tag": "val/box_loss",
            "value": 0.56681
        },
        {
            "tag": "val/cls_loss",
            "value": 3.1704
        },
        {
            "tag": "val/dfl_loss",
            "value": 0.82498
        },
        {
            "tag": "lr/pg0",
            "value": 0.05754
        },
        {
            "tag": "lr/pg1",
            "value": 0.0025398
        },
        {
            "tag": "lr/pg2",
            "value": 0.0025398
        }
    ],
    [
        {
            "tag": "epoch",
            "value": 23.0
        },
        {
            "tag": "train/box_loss",
            "value": 0.68892
        },
        {
            "tag": "train/cls_loss",
            "value": 1.4091
        },
        {
            "tag": "train/dfl_loss",
            "value": 0.96001
        },
        {
            "tag": "metrics/precision(B)",
            "value": 0.00336
        },
        {
            "tag": "metrics/recall(B)",
            "value": 1.0
        },
        {
            "tag": "metrics/mAP50(B)",
            "value": 0.75937
        },
        {
            "tag": "metrics/mAP50-95(B)",
            "value": 0.64574
        },
        {
            "tag": "val/box_loss",
            "value": 0.51283
        },
        {
            "tag": "val/cls_loss",
            "value": 3.2222
        },
        {
            "tag": "val/dfl_loss",
            "value": 0.83287
        },
        {
            "tag": "lr/pg0",
            "value": 0.05556
        },
        {
            "tag": "lr/pg1",
            "value": 0.0025596
        },
        {
            "tag": "lr/pg2",
            "value": 0.0025596
        }
    ],
    [
        {
            "tag": "epoch",
            "value": 24.0
        },
        {
            "tag": "train/box_loss",
            "value": 0.6521
        },
        {
            "tag": "train/cls_loss",
            "value": 1.3814
        },
        {
            "tag": "train/dfl_loss",
            "value": 0.89465
        },
        {
            "tag": "metrics/precision(B)",
            "value": 0.00337
        },
        {
            "tag": "metrics/recall(B)",
            "value": 1.0
        },
        {
            "tag": "metrics/mAP50(B)",
            "value": 0.87548
        },
        {
            "tag": "metrics/mAP50-95(B)",
            "value": 0.70658
        },
        {
            "tag": "val/box_loss",
            "value": 0.57047
        },
        {
            "tag": "val/cls_loss",
            "value": 3.1728
        },
        {
            "tag": "val/dfl_loss",
            "value": 0.83649
        },
        {
            "tag": "lr/pg0",
            "value": 0.053572
        },
        {
            "tag": "lr/pg1",
            "value": 0.0025715
        },
        {
            "tag": "lr/pg2",
            "value": 0.0025715
        }
    ],
    [
        {
            "tag": "epoch",
            "value": 25.0
        },
        {
            "tag": "train/box_loss",
            "value": 0.74102
        },
        {
            "tag": "train/cls_loss",
            "value": 1.3995
        },
        {
            "tag": "train/dfl_loss",
            "value": 0.91941
        },
        {
            "tag": "metrics/precision(B)",
            "value": 0.00337
        },
        {
            "tag": "metrics/recall(B)",
            "value": 1.0
        },
        {
            "tag": "metrics/mAP50(B)",
            "value": 0.78538
        },
        {
            "tag": "metrics/mAP50-95(B)",
            "value": 0.66634
        },
        {
            "tag": "val/box_loss",
            "value": 0.53477
        },
        {
            "tag": "val/cls_loss",
            "value": 3.2108
        },
        {
            "tag": "val/dfl_loss",
            "value": 0.83593
        },
        {
            "tag": "lr/pg0",
            "value": 0.051576
        },
        {
            "tag": "lr/pg1",
            "value": 0.0025755
        },
        {
            "tag": "lr/pg2",
            "value": 0.0025755
        }
    ],
    [
        {
            "tag": "epoch",
            "value": 26.0
        },
        {
            "tag": "train/box_loss",
            "value": 0.68382
        },
        {
            "tag": "train/cls_loss",
            "value": 1.2552
        },
        {
            "tag": "train/dfl_loss",
            "value": 0.90912
        },
        {
            "tag": "metrics/precision(B)",
            "value": 0.00335
        },
        {
            "tag": "metrics/recall(B)",
            "value": 1.0
        },
        {
            "tag": "metrics/mAP50(B)",
            "value": 0.94882
        },
        {
            "tag": "metrics/mAP50-95(B)",
            "value": 0.82185
        },
        {
            "tag": "val/box_loss",
            "value": 0.53892
        },
        {
            "tag": "val/cls_loss",
            "value": 3.1519
        },
        {
            "tag": "val/dfl_loss",
            "value": 0.83085
        },
        {
            "tag": "lr/pg0",
            "value": 0.049572
        },
        {
            "tag": "lr/pg1",
            "value": 0.0025716
        },
        {
            "tag": "lr/pg2",
            "value": 0.0025716
        }
    ],
    [
        {
            "tag": "epoch",
            "value": 27.0
        },
        {
            "tag": "train/box_loss",
            "value": 0.72553
        },
        {
            "tag": "train/cls_loss",
            "value": 1.199
        },
        {
            "tag": "train/dfl_loss",
            "value": 0.8831
        },
        {
            "tag": "metrics/precision(B)",
            "value": 0.00334
        },
        {
            "tag": "metrics/recall(B)",
            "value": 1.0
        },
        {
            "tag": "metrics/mAP50(B)",
            "value": 0.995
        },
        {
            "tag": "metrics/mAP50-95(B)",
            "value": 0.8508
        },
        {
            "tag": "val/box_loss",
            "value": 0.55097
        },
        {
            "tag": "val/cls_loss",
            "value": 3.0744
        },
        {
            "tag": "val/dfl_loss",
            "value": 0.83351
        },
        {
            "tag": "lr/pg0",
            "value": 0.04756
        },
        {
            "tag": "lr/pg1",
            "value": 0.0025597
        },
        {
            "tag": "lr/pg2",
            "value": 0.0025597
        }
    ],
    [
        {
            "tag": "epoch",
            "value": 28.0
        },
        {
            "tag": "train/box_loss",
            "value": 0.63319
        },
        {
            "tag": "train/cls_loss",
            "value": 1.2325
        },
        {
            "tag": "train/dfl_loss",
            "value": 0.84463
        },
        {
            "tag": "metrics/precision(B)",
            "value": 0.00334
        },
        {
            "tag": "metrics/recall(B)",
            "value": 1.0
        },
        {
            "tag": "metrics/mAP50(B)",
            "value": 0.995
        },
        {
            "tag": "metrics/mAP50-95(B)",
            "value": 0.81519
        },
        {
            "tag": "val/box_loss",
            "value": 0.58277
        },
        {
            "tag": "val/cls_loss",
            "value": 3.0759
        },
        {
            "tag": "val/dfl_loss",
            "value": 0.84312
        },
        {
            "tag": "lr/pg0",
            "value": 0.04554
        },
        {
            "tag": "lr/pg1",
            "value": 0.0025399
        },
        {
            "tag": "lr/pg2",
            "value": 0.0025399
        }
    ],
    [
        {
            "tag": "epoch",
            "value": 29.0
        },
        {
            "tag": "train/box_loss",
            "value": 0.65143
        },
        {
            "tag": "train/cls_loss",
            "value": 1.0945
        },
        {
            "tag": "train/dfl_loss",
            "value": 0.87746
        },
        {
            "tag": "metrics/precision(B)",
            "value": 0.00334
        },
        {
            "tag": "metrics/recall(B)",
            "value": 1.0
        },
        {
            "tag": "metrics/mAP50(B)",
            "value": 0.995
        },
        {
            "tag": "metrics/mAP50-95(B)",
            "value": 0.83047
        },
        {
            "tag": "val/box_loss",
            "value": 0.63003
        },
        {
            "tag": "val/cls_loss",
            "value": 2.8574
        },
        {
            "tag": "val/dfl_loss",
            "value": 0.86277
        },
        {
            "tag": "lr/pg0",
            "value": 0.043512
        },
        {
            "tag": "lr/pg1",
            "value": 0.0025122
        },
        {
            "tag": "lr/pg2",
            "value": 0.0025122
        }
    ],
    [
        {
            "tag": "epoch",
            "value": 30.0
        },
        {
            "tag": "train/box_loss",
            "value": 0.63312
        },
        {
            "tag": "train/cls_loss",
            "value": 1.0514
        },
        {
            "tag": "train/dfl_loss",
            "value": 0.85476
        },
        {
            "tag": "metrics/precision(B)",
            "value": 0.00334
        },
        {
            "tag": "metrics/recall(B)",
            "value": 1.0
        },
        {
            "tag": "metrics/mAP50(B)",
            "value": 0.995
        },
        {
            "tag": "metrics/mAP50-95(B)",
            "value": 0.8395
        },
        {
            "tag": "val/box_loss",
            "value": 0.5839
        },
        {
            "tag": "val/cls_loss",
            "value": 2.9538
        },
        {
            "tag": "val/dfl_loss",
            "value": 0.85815
        },
        {
            "tag": "lr/pg0",
            "value": 0.041477
        },
        {
            "tag": "lr/pg1",
            "value": 0.0024766
        },
        {
            "tag": "lr/pg2",
            "value": 0.0024766
        }
    ],
    [
        {
            "tag": "epoch",
            "value": 31.0
        },
        {
            "tag": "train/box_loss",
            "value": 0.66298
        },
        {
            "tag": "train/cls_loss",
            "value": 1.1473
        },
        {
            "tag": "train/dfl_loss",
            "value": 0.84529
        },
        {
            "tag": "metrics/precision(B)",
            "value": 0.00335
        },
        {
            "tag": "metrics/recall(B)",
            "value": 1.0
        },
        {
            "tag": "metrics/mAP50(B)",
            "value": 0.98346
        },
        {
            "tag": "metrics/mAP50-95(B)",
            "value": 0.76332
        },
        {
            "tag": "val/box_loss",
            "value": 0.71667
        },
        {
            "tag": "val/cls_loss",
            "value": 3.1198
        },
        {
            "tag": "val/dfl_loss",
            "value": 0.89427
        },
        {
            "tag": "lr/pg0",
            "value": 0.039433
        },
        {
            "tag": "lr/pg1",
            "value": 0.0024331
        },
        {
            "tag": "lr/pg2",
            "value": 0.0024331
        }
    ],
    [
        {
            "tag": "epoch",
            "value": 32.0
        },
        {
            "tag": "train/box_loss",
            "value": 0.68229
        },
        {
            "tag": "train/cls_loss",
            "value": 1.145
        },
        {
            "tag": "train/dfl_loss",
            "value": 0.91113
        },
        {
            "tag": "metrics/precision(B)",
            "value": 0.00342
        },
        {
            "tag": "metrics/recall(B)",
            "value": 1.0
        },
        {
            "tag": "metrics/mAP50(B)",
            "value": 0.995
        },
        {
            "tag": "metrics/mAP50-95(B)",
            "value": 0.83093
        },
        {
            "tag": "val/box_loss",
            "value": 0.58798
        },
        {
            "tag": "val/cls_loss",
            "value": 2.8426
        },
        {
            "tag": "val/dfl_loss",
            "value": 0.86654
        },
        {
            "tag": "lr/pg0",
            "value": 0.037382
        },
        {
            "tag": "lr/pg1",
            "value": 0.0023816
        },
        {
            "tag": "lr/pg2",
            "value": 0.0023816
        }
    ],
    [
        {
            "tag": "epoch",
            "value": 33.0
        },
        {
            "tag": "train/box_loss",
            "value": 0.65492
        },
        {
            "tag": "train/cls_loss",
            "value": 1.1766
        },
        {
            "tag": "train/dfl_loss",
            "value": 0.88672
        },
        {
            "tag": "metrics/precision(B)",
            "value": 0.0034
        },
        {
            "tag": "metrics/recall(B)",
            "value": 1.0
        },
        {
            "tag": "metrics/mAP50(B)",
            "value": 0.995
        },
        {
            "tag": "metrics/mAP50-95(B)",
            "value": 0.80001
        },
        {
            "tag": "val/box_loss",
            "value": 0.64892
        },
        {
            "tag": "val/cls_loss",
            "value": 3.0177
        },
        {
            "tag": "val/dfl_loss",
            "value": 0.86823
        },
        {
            "tag": "lr/pg0",
            "value": 0.035322
        },
        {
            "tag": "lr/pg1",
            "value": 0.0023222
        },
        {
            "tag": "lr/pg2",
            "value": 0.0023222
        }
    ],
    [
        {
            "tag": "epoch",
            "value": 34.0
        },
        {
            "tag": "train/box_loss",
            "value": 0.70349
        },
        {
            "tag": "train/cls_loss",
            "value": 1.0919
        },
        {
            "tag": "train/dfl_loss",
            "value": 0.90397
        },
        {
            "tag": "metrics/precision(B)",
            "value": 0.00342
        },
        {
            "tag": "metrics/recall(B)",
            "value": 1.0
        },
        {
            "tag": "metrics/mAP50(B)",
            "value": 0.995
        },
        {
            "tag": "metrics/mAP50-95(B)",
            "value": 0.79308
        },
        {
            "tag": "val/box_loss",
            "value": 0.66261
        },
        {
            "tag": "val/cls_loss",
            "value": 2.8729
        },
        {
            "tag": "val/dfl_loss",
            "value": 0.86939
        },
        {
            "tag": "lr/pg0",
            "value": 0.033255
        },
        {
            "tag": "lr/pg1",
            "value": 0.0022549
        },
        {
            "tag": "lr/pg2",
            "value": 0.0022549
        }
    ],
    [
        {
            "tag": "epoch",
            "value": 35.0
        },
        {
            "tag": "train/box_loss",
            "value": 0.61712
        },
        {
            "tag": "train/cls_loss",
            "value": 0.99448
        },
        {
            "tag": "train/dfl_loss",
            "value": 0.91225
        },
        {
            "tag": "metrics/precision(B)",
            "value": 0.00339
        },
        {
            "tag": "metrics/recall(B)",
            "value": 1.0
        },
        {
            "tag": "metrics/mAP50(B)",
            "value": 0.995
        },
        {
            "tag": "metrics/mAP50-95(B)",
            "value": 0.77168
        },
        {
            "tag": "val/box_loss",
            "value": 0.67636
        },
        {
            "tag": "val/cls_loss",
            "value": 2.8987
        },
        {
            "tag": "val/dfl_loss",
            "value": 0.86894
        },
        {
            "tag": "lr/pg0",
            "value": 0.03118
        },
        {
            "tag": "lr/pg1",
            "value": 0.0021797
        },
        {
            "tag": "lr/pg2",
            "value": 0.0021797
        }
    ],
    [
        {
            "tag": "epoch",
            "value": 36.0
        },
        {
            "tag": "train/box_loss",
            "value": 0.59264
        },
        {
            "tag": "train/cls_loss",
            "value": 1.0253
        },
        {
            "tag": "train/dfl_loss",
            "value": 0.84884
        },
        {
            "tag": "metrics/precision(B)",
            "value": 0.00341
        },
        {
            "tag": "metrics/recall(B)",
            "value": 1.0
        },
        {
            "tag": "metrics/mAP50(B)",
            "value": 0.96722
        },
        {
            "tag": "metrics/mAP50-95(B)",
            "value": 0.79857
        },
        {
            "tag": "val/box_loss",
            "value": 0.62705
        },
        {
            "tag": "val/cls_loss",
            "value": 2.9232
        },
        {
            "tag": "val/dfl_loss",
            "value": 0.85692
        },
        {
            "tag": "lr/pg0",
            "value": 0.029097
        },
        {
            "tag": "lr/pg1",
            "value": 0.0020966
        },
        {
            "tag": "lr/pg2",
            "value": 0.0020966
        }
    ],
    [
        {
            "tag": "epoch",
            "value": 37.0
        },
        {
            "tag": "train/box_loss",
            "value": 0.60558
        },
        {
            "tag": "train/cls_loss",
            "value": 0.97934
        },
        {
            "tag": "train/dfl_loss",
            "value": 0.88691
        },
        {
            "tag": "metrics/precision(B)",
            "value": 1.0
        },
        {
            "tag": "metrics/recall(B)",
            "value": 0.31774
        },
        {
            "tag": "metrics/mAP50(B)",
            "value": 0.995
        },
        {
            "tag": "metrics/mAP50-95(B)",
            "value": 0.8385
        },
        {
            "tag": "val/box_loss",
            "value": 0.61158
        },
        {
            "tag": "val/cls_loss",
            "value": 2.5174
        },
        {
            "tag": "val/dfl_loss",
            "value": 0.86258
        },
        {
            "tag": "lr/pg0",
            "value": 0.027006
        },
        {
            "tag": "lr/pg1",
            "value": 0.0020055
        },
        {
            "tag": "lr/pg2",
            "value": 0.0020055
        }
    ],
    [
        {
            "tag": "epoch",
            "value": 38.0
        },
        {
            "tag": "train/box_loss",
            "value": 0.54897
        },
        {
            "tag": "train/cls_loss",
            "value": 0.93704
        },
        {
            "tag": "train/dfl_loss",
            "value": 0.84906
        },
        {
            "tag": "metrics/precision(B)",
            "value": 0.00338
        },
        {
            "tag": "metrics/recall(B)",
            "value": 1.0
        },
        {
            "tag": "metrics/mAP50(B)",
            "value": 0.995
        },
        {
            "tag": "metrics/mAP50-95(B)",
            "value": 0.8632
        },
        {
            "tag": "val/box_loss",
            "value": 0.55178
        },
        {
            "tag": "val/cls_loss",
            "value": 2.6827
        },
        {
            "tag": "val/dfl_loss",
            "value": 0.85322
        },
        {
            "tag": "lr/pg0",
            "value": 0.024907
        },
        {
            "tag": "lr/pg1",
            "value": 0.0019065
        },
        {
            "tag": "lr/pg2",
            "value": 0.0019065
        }
    ],
    [
        {
            "tag": "epoch",
            "value": 39.0
        },
        {
            "tag": "train/box_loss",
            "value": 0.65487
        },
        {
            "tag": "train/cls_loss",
            "value": 0.92592
        },
        {
            "tag": "train/dfl_loss",
            "value": 0.9133
        },
        {
            "tag": "metrics/precision(B)",
            "value": 1.0
        },
        {
            "tag": "metrics/recall(B)",
            "value": 0.59681
        },
        {
            "tag": "metrics/mAP50(B)",
            "value": 0.995
        },
        {
            "tag": "metrics/mAP50-95(B)",
            "value": 0.8677
        },
        {
            "tag": "val/box_loss",
            "value": 0.55597
        },
        {
            "tag": "val/cls_loss",
            "value": 2.5603
        },
        {
            "tag": "val/dfl_loss",
            "value": 0.85755
        },
        {
            "tag": "lr/pg0",
            "value": 0.0228
        },
        {
            "tag": "lr/pg1",
            "value": 0.0017996
        },
        {
            "tag": "lr/pg2",
            "value": 0.0017996
        }
    ],
    [
        {
            "tag": "epoch",
            "value": 40.0
        },
        {
            "tag": "train/box_loss",
            "value": 0.58422
        },
        {
            "tag": "train/cls_loss",
            "value": 0.89688
        },
        {
            "tag": "train/dfl_loss",
            "value": 0.84934
        },
        {
            "tag": "metrics/precision(B)",
            "value": 1.0
        },
        {
            "tag": "metrics/recall(B)",
            "value": 0.65897
        },
        {
            "tag": "metrics/mAP50(B)",
            "value": 0.995
        },
        {
            "tag": "metrics/mAP50-95(B)",
            "value": 0.88498
        },
        {
            "tag": "val/box_loss",
            "value": 0.56302
        },
        {
            "tag": "val/cls_loss",
            "value": 2.2341
        },
        {
            "tag": "val/dfl_loss",
            "value": 0.8476
        },
        {
            "tag": "lr/pg0",
            "value": 0.020685
        },
        {
            "tag": "lr/pg1",
            "value": 0.0016848
        },
        {
            "tag": "lr/pg2",
            "value": 0.0016848
        }
    ],
    [
        {
            "tag": "epoch",
            "value": 41.0
        },
        {
            "tag": "train/box_loss",
            "value": 0.59729
        },
        {
            "tag": "train/cls_loss",
            "value": 0.87335
        },
        {
            "tag": "train/dfl_loss",
            "value": 0.85895
        },
        {
            "tag": "metrics/precision(B)",
            "value": 0.97996
        },
        {
            "tag": "metrics/recall(B)",
            "value": 0.69848
        },
        {
            "tag": "metrics/mAP50(B)",
            "value": 0.995
        },
        {
            "tag": "metrics/mAP50-95(B)",
            "value": 0.90552
        },
        {
            "tag": "val/box_loss",
            "value": 0.50013
        },
        {
            "tag": "val/cls_loss",
            "value": 2.1062
        },
        {
            "tag": "val/dfl_loss",
            "value": 0.83858
        },
        {
            "tag": "lr/pg0",
            "value": 0.018562
        },
        {
            "tag": "lr/pg1",
            "value": 0.0015621
        },
        {
            "tag": "lr/pg2",
            "value": 0.0015621
        }
    ],
    [
        {
            "tag": "epoch",
            "value": 42.0
        },
        {
            "tag": "train/box_loss",
            "value": 0.67429
        },
        {
            "tag": "train/cls_loss",
            "value": 0.83353
        },
        {
            "tag": "train/dfl_loss",
            "value": 0.93211
        },
        {
            "tag": "metrics/precision(B)",
            "value": 0.99819
        },
        {
            "tag": "metrics/recall(B)",
            "value": 0.58451
        },
        {
            "tag": "metrics/mAP50(B)",
            "value": 0.995
        },
        {
            "tag": "metrics/mAP50-95(B)",
            "value": 0.89585
        },
        {
            "tag": "val/box_loss",
            "value": 0.50591
        },
        {
            "tag": "val/cls_loss",
            "value": 2.3946
        },
        {
            "tag": "val/dfl_loss",
            "value": 0.82913
        },
        {
            "tag": "lr/pg0",
            "value": 0.016431
        },
        {
            "tag": "lr/pg1",
            "value": 0.0014314
        },
        {
            "tag": "lr/pg2",
            "value": 0.0014314
        }
    ],
    [
        {
            "tag": "epoch",
            "value": 43.0
        },
        {
            "tag": "train/box_loss",
            "value": 0.55788
        },
        {
            "tag": "train/cls_loss",
            "value": 0.86373
        },
        {
            "tag": "train/dfl_loss",
            "value": 0.86156
        },
        {
            "tag": "metrics/precision(B)",
            "value": 0.99655
        },
        {
            "tag": "metrics/recall(B)",
            "value": 0.87907
        },
        {
            "tag": "metrics/mAP50(B)",
            "value": 0.995
        },
        {
            "tag": "metrics/mAP50-95(B)",
            "value": 0.88645
        },
        {
            "tag": "val/box_loss",
            "value": 0.53185
        },
        {
            "tag": "val/cls_loss",
            "value": 2.0657
        },
        {
            "tag": "val/dfl_loss",
            "value": 0.84174
        },
        {
            "tag": "lr/pg0",
            "value": 0.014293
        },
        {
            "tag": "lr/pg1",
            "value": 0.0012928
        },
        {
            "tag": "lr/pg2",
            "value": 0.0012928
        }
    ],
    [
        {
            "tag": "epoch",
            "value": 44.0
        },
        {
            "tag": "train/box_loss",
            "value": 0.5407
        },
        {
            "tag": "train/cls_loss",
            "value": 0.81036
        },
        {
            "tag": "train/dfl_loss",
            "value": 0.84086
        },
        {
            "tag": "metrics/precision(B)",
            "value": 0.98717
        },
        {
            "tag": "metrics/recall(B)",
            "value": 0.91265
        },
        {
            "tag": "metrics/mAP50(B)",
            "value": 0.995
        },
        {
            "tag": "metrics/mAP50-95(B)",
            "value": 0.8863
        },
        {
            "tag": "val/box_loss",
            "value": 0.53369
        },
        {
            "tag": "val/cls_loss",
            "value": 2.0075
        },
        {
            "tag": "val/dfl_loss",
            "value": 0.84302
        },
        {
            "tag": "lr/pg0",
            "value": 0.012146
        },
        {
            "tag": "lr/pg1",
            "value": 0.0011463
        },
        {
            "tag": "lr/pg2",
            "value": 0.0011463
        }
    ],
    [
        {
            "tag": "epoch",
            "value": 45.0
        },
        {
            "tag": "train/box_loss",
            "value": 0.53073
        },
        {
            "tag": "train/cls_loss",
            "value": 0.79315
        },
        {
            "tag": "train/dfl_loss",
            "value": 0.84571
        },
        {
            "tag": "metrics/precision(B)",
            "value": 0.98491
        },
        {
            "tag": "metrics/recall(B)",
            "value": 0.86592
        },
        {
            "tag": "metrics/mAP50(B)",
            "value": 0.995
        },
        {
            "tag": "metrics/mAP50-95(B)",
            "value": 0.89839
        },
        {
            "tag": "val/box_loss",
            "value": 0.50938
        },
        {
            "tag": "val/cls_loss",
            "value": 1.9691
        },
        {
            "tag": "val/dfl_loss",
            "value": 0.83653
        },
        {
            "tag": "lr/pg0",
            "value": 0.0099919
        },
        {
            "tag": "lr/pg1",
            "value": 0.0009919
        },
        {
            "tag": "lr/pg2",
            "value": 0.0009919
        }
    ],
    [
        {
            "tag": "epoch",
            "value": 46.0
        },
        {
            "tag": "train/box_loss",
            "value": 0.57364
        },
        {
            "tag": "train/cls_loss",
            "value": 0.8804
        },
        {
            "tag": "train/dfl_loss",
            "value": 0.86655
        },
        {
            "tag": "metrics/precision(B)",
            "value": 0.98524
        },
        {
            "tag": "metrics/recall(B)",
            "value": 0.88694
        },
        {
            "tag": "metrics/mAP50(B)",
            "value": 0.995
        },
        {
            "tag": "metrics/mAP50-95(B)",
            "value": 0.89634
        },
        {
            "tag": "val/box_loss",
            "value": 0.50163
        },
        {
            "tag": "val/cls_loss",
            "value": 1.9149
        },
        {
            "tag": "val/dfl_loss",
            "value": 0.84097
        },
        {
            "tag": "lr/pg0",
            "value": 0.0078296
        },
        {
            "tag": "lr/pg1",
            "value": 0.00082956
        },
        {
            "tag": "lr/pg2",
            "value": 0.00082956
        }
    ],
    [
        {
            "tag": "epoch",
            "value": 47.0
        },
        {
            "tag": "train/box_loss",
            "value": 0.53191
        },
        {
            "tag": "train/cls_loss",
            "value": 0.79615
        },
        {
            "tag": "train/dfl_loss",
            "value": 0.86154
        },
        {
            "tag": "metrics/precision(B)",
            "value": 0.98548
        },
        {
            "tag": "metrics/recall(B)",
            "value": 0.88847
        },
        {
            "tag": "metrics/mAP50(B)",
            "value": 0.995
        },
        {
            "tag": "metrics/mAP50-95(B)",
            "value": 0.89399
        },
        {
            "tag": "val/box_loss",
            "value": 0.50835
        },
        {
            "tag": "val/cls_loss",
            "value": 1.8964
        },
        {
            "tag": "val/dfl_loss",
            "value": 0.8451
        },
        {
            "tag": "lr/pg0",
            "value": 0.0056593
        },
        {
            "tag": "lr/pg1",
            "value": 0.0006593
        },
        {
            "tag": "lr/pg2",
            "value": 0.0006593
        }
    ],
    [
        {
            "tag": "epoch",
            "value": 48.0
        },
        {
            "tag": "train/box_loss",
            "value": 0.56178
        },
        {
            "tag": "train/cls_loss",
            "value": 0.85263
        },
        {
            "tag": "train/dfl_loss",
            "value": 0.85796
        },
        {
            "tag": "metrics/precision(B)",
            "value": 0.9859
        },
        {
            "tag": "metrics/recall(B)",
            "value": 0.97005
        },
        {
            "tag": "metrics/mAP50(B)",
            "value": 0.995
        },
        {
            "tag": "metrics/mAP50-95(B)",
            "value": 0.9008
        },
        {
            "tag": "val/box_loss",
            "value": 0.4953
        },
        {
            "tag": "val/cls_loss",
            "value": 1.8136
        },
        {
            "tag": "val/dfl_loss",
            "value": 0.83863
        },
        {
            "tag": "lr/pg0",
            "value": 0.0034811
        },
        {
            "tag": "lr/pg1",
            "value": 0.00048112
        },
        {
            "tag": "lr/pg2",
            "value": 0.00048112
        }
    ],
    [
        {
            "tag": "epoch",
            "value": 49.0
        },
        {
            "tag": "train/box_loss",
            "value": 0.61757
        },
        {
            "tag": "train/cls_loss",
            "value": 0.81504
        },
        {
            "tag": "train/dfl_loss",
            "value": 0.85309
        },
        {
            "tag": "metrics/precision(B)",
            "value": 0.98341
        },
        {
            "tag": "metrics/recall(B)",
            "value": 1.0
        },
        {
            "tag": "metrics/mAP50(B)",
            "value": 0.995
        },
        {
            "tag": "metrics/mAP50-95(B)",
            "value": 0.90148
        },
        {
            "tag": "val/box_loss",
            "value": 0.50403
        },
        {
            "tag": "val/cls_loss",
            "value": 1.7485
        },
        {
            "tag": "val/dfl_loss",
            "value": 0.83998
        },
        {
            "tag": "lr/pg0",
            "value": 0.001295
        },
        {
            "tag": "lr/pg1",
            "value": 0.00029502
        },
        {
            "tag": "lr/pg2",
            "value": 0.00029502
        }
    ]
]