{
    "images": [
        {
            "id": 1,
            "file_name": "1_11122.png",
            "width": 103,
            "height": 29
        },
        {
            "id": 2,
            "file_name": "2_11122.png",
            "width": 102,
            "height": 29
        },
        {
            "id": 3,
            "file_name": "3_11122.png",
            "width": 103,
            "height": 29
        },
        {
            "id": 4,
            "file_name": "4_11121.png",
            "width": 95,
            "height": 29
        },
        {
            "id": 5,
            "file_name": "5_11122.png",
            "width": 101,
            "height": 29
        },
        {
            "id": 6,
            "file_name": "6_11121.png",
            "width": 93,
            "height": 29
        },
        {
            "id": 7,
            "file_name": "7_11122.png",
            "width": 103,
            "height": 29
        },
        {
            "id": 8,
            "file_name": "8_11122.png",
            "width": 102,
            "height": 29
        },
        {
            "id": 9,
            "file_name": "9_11122.png",
            "width": 103,
            "height": 29
        },
        {
            "id": 10,
            "file_name": "10_11121.png",
            "width": 95,
            "height": 29
        },
        {
            "id": 11,
            "file_name": "11_11122.png",
            "width": 101,
            "height": 29
        },
        {
            "id": 12,
            "file_name": "12_11121.png",
            "width": 93,
            "height": 29
        },
        {
            "id": 13,
            "file_name": "13_11122.png",
            "width": 102,
            "height": 29
        },
        {
            "id": 14,
            "file_name": "14_11122.png",
            "width": 102,
            "height": 29
        },
        {
            "id": 15,
            "file_name": "15_11122.png",
            "width": 102,
            "height": 29
        },
        {
            "id": 16,
            "file_name": "16_11121.png",
            "width": 94,
            "height": 29
        },
        {
            "id": 17,
            "file_name": "17_11122.png",
            "width": 100,
            "height": 29
        },
        {
            "id": 18,
            "file_name": "18_11121.png",
            "width": 92,
            "height": 29
        },
        {
            "id": 19,
            "file_name": "19_11122.png",
            "width": 103,
            "height": 29
        },
        {
            "id": 20,
            "file_name": "20_11122.png",
            "width": 103,
            "height": 29
        },
        {
            "id": 21,
            "file_name": "21_11122.png",
            "width": 102,
            "height": 29
        },
        {
            "id": 22,
            "file_name": "22_11121.png",
            "width": 95,
            "height": 29
        },
        {
            "id": 23,
            "file_name": "23_11122.png",
            "width": 101,
            "height": 29
        },
        {
            "id": 24,
            "file_name": "24_11121.png",
            "width": 93,
            "height": 29
        },
        {
            "id": 25,
            "file_name": "25_11112.png",
            "width": 95,
            "height": 29
        },
        {
            "id": 26,
            "file_name": "26_11112.png",
            "width": 95,
            "height": 29
        },
        {
            "id": 27,
            "file_name": "27_11112.png",
            "width": 94,
            "height": 29
        },
        {
            "id": 28,
            "file_name": "28_11112.png",
            "width": 95,
            "height": 29
        },
        {
            "id": 29,
            "file_name": "29_11112.png",
            "width": 93,
            "height": 29
        },
        {
            "id": 30,
            "file_name": "30_11111.png",
            "width": 85,
            "height": 29
        },
        {
            "id": 31,
            "file_name": "31_11122.png",
            "width": 101,
            "height": 29
        },
        {
            "id": 32,
            "file_name": "32_11122.png",
            "width": 101,
            "height": 29
        },
        {
            "id": 33,
            "file_name": "33_11122.png",
            "width": 100,
            "height": 29
        },
        {
            "id": 34,
            "file_name": "34_11122.png",
            "width": 101,
            "height": 29
        },
        {
            "id": 35,
            "file_name": "35_11121.png",
            "width": 93,
            "height": 29
        },
        {
            "id": 36,
            "file_name": "36_11121.png",
            "width": 91,
            "height": 29
        },
        {
            "id": 37,
            "file_name": "37_11112.png",
            "width": 93,
            "height": 29
        },
        {
            "id": 38,
            "file_name": "38_11112.png",
            "width": 93,
            "height": 29
        },
        {
            "id": 39,
            "file_name": "39_11112.png",
            "width": 92,
            "height": 29
        },
        {
            "id": 40,
            "file_name": "40_11112.png",
            "width": 93,
            "height": 29
        },
        {
            "id": 41,
            "file_name": "41_11111.png",
            "width": 85,
            "height": 29
        },
        {
            "id": 42,
            "file_name": "42_11112.png",
            "width": 91,
            "height": 29
        },
        {
            "id": 43,
            "file_name": "43_11212.png",
            "width": 103,
            "height": 29
        },
        {
            "id": 44,
            "file_name": "44_11212.png",
            "width": 102,
            "height": 29
        },
        {
            "id": 45,
            "file_name": "45_11212.png",
            "width": 103,
            "height": 29
        },
        {
            "id": 46,
            "file_name": "46_11211.png",
            "width": 95,
            "height": 29
        },
        {
            "id": 47,
            "file_name": "47_11212.png",
            "width": 101,
            "height": 29
        },
        {
            "id": 48,
            "file_name": "48_11211.png",
            "width": 93,
            "height": 29
        },
        {
            "id": 49,
            "file_name": "49_11221.png",
            "width": 103,
            "height": 29
        },
        {
            "id": 50,
            "file_name": "50_11222.png",
            "width": 110,
            "height": 29
        },
        {
            "id": 51,
            "file_name": "51_11222.png",
            "width": 111,
            "height": 29
        },
        {
            "id": 52,
            "file_name": "52_11221.png",
            "width": 103,
            "height": 29
        },
        {
            "id": 53,
            "file_name": "53_11222.png",
            "width": 109,
            "height": 29
        },
        {
            "id": 54,
            "file_name": "54_11221.png",
            "width": 101,
            "height": 29
        },
        {
            "id": 55,
            "file_name": "55_11221.png",
            "width": 102,
            "height": 29
        },
        {
            "id": 56,
            "file_name": "56_11222.png",
            "width": 110,
            "height": 29
        },
        {
            "id": 57,
            "file_name": "57_11222.png",
            "width": 110,
            "height": 29
        },
        {
            "id": 58,
            "file_name": "58_11221.png",
            "width": 102,
            "height": 29
        },
        {
            "id": 59,
            "file_name": "59_11222.png",
            "width": 108,
            "height": 29
        },
        {
            "id": 60,
            "file_name": "60_11221.png",
            "width": 100,
            "height": 29
        },
        {
            "id": 61,
            "file_name": "61_11221.png",
            "width": 103,
            "height": 29
        },
        {
            "id": 62,
            "file_name": "62_11222.png",
            "width": 111,
            "height": 29
        },
        {
            "id": 63,
            "file_name": "63_11222.png",
            "width": 110,
            "height": 29
        },
        {
            "id": 64,
            "file_name": "64_11221.png",
            "width": 103,
            "height": 29
        },
        {
            "id": 65,
            "file_name": "65_11222.png",
            "width": 109,
            "height": 29
        },
        {
            "id": 66,
            "file_name": "66_11221.png",
            "width": 101,
            "height": 29
        },
        {
            "id": 67,
            "file_name": "67_11211.png",
            "width": 95,
            "height": 29
        },
        {
            "id": 68,
            "file_name": "68_11212.png",
            "width": 103,
            "height": 29
        },
        {
            "id": 69,
            "file_name": "69_11212.png",
            "width": 102,
            "height": 29
        },
        {
            "id": 70,
            "file_name": "70_11212.png",
            "width": 103,
            "height": 29
        },
        {
            "id": 71,
            "file_name": "71_11212.png",
            "width": 101,
            "height": 29
        },
        {
            "id": 72,
            "file_name": "72_11211.png",
            "width": 93,
            "height": 29
        },
        {
            "id": 73,
            "file_name": "73_11221.png",
            "width": 101,
            "height": 29
        },
        {
            "id": 74,
            "file_name": "74_11222.png",
            "width": 109,
            "height": 29
        },
        {
            "id": 75,
            "file_name": "75_11222.png",
            "width": 108,
            "height": 29
        },
        {
            "id": 76,
            "file_name": "76_11222.png",
            "width": 109,
            "height": 29
        },
        {
            "id": 77,
            "file_name": "77_11221.png",
            "width": 101,
            "height": 29
        },
        {
            "id": 78,
            "file_name": "78_11221.png",
            "width": 99,
            "height": 29
        },
        {
            "id": 79,
            "file_name": "79_11211.png",
            "width": 93,
            "height": 29
        },
        {
            "id": 80,
            "file_name": "80_11212.png",
            "width": 101,
            "height": 29
        },
        {
            "id": 81,
            "file_name": "81_11212.png",
            "width": 100,
            "height": 29
        },
        {
            "id": 82,
            "file_name": "82_11212.png",
            "width": 101,
            "height": 29
        },
        {
            "id": 83,
            "file_name": "83_11211.png",
            "width": 93,
            "height": 29
        },
        {
            "id": 84,
            "file_name": "84_11212.png",
            "width": 99,
            "height": 29
        },
        {
            "id": 85,
            "file_name": "85_11212.png",
            "width": 103,
            "height": 29
        },
        {
            "id": 86,
            "file_name": "86_11212.png",
            "width": 102,
            "height": 29
        },
        {
            "id": 87,
            "file_name": "87_11212.png",
            "width": 103,
            "height": 29
        },
        {
            "id": 88,
            "file_name": "88_11211.png",
            "width": 95,
            "height": 29
        },
        {
            "id": 89,
            "file_name": "89_11212.png",
            "width": 101,
            "height": 29
        },
        {
            "id": 90,
            "file_name": "90_11211.png",
            "width": 93,
            "height": 29
        },
        {
            "id": 91,
            "file_name": "91_11221.png",
            "width": 103,
            "height": 29
        },
        {
            "id": 92,
            "file_name": "92_11222.png",
            "width": 110,
            "height": 29
        },
        {
            "id": 93,
            "file_name": "93_11222.png",
            "width": 111,
            "height": 29
        },
        {
            "id": 94,
            "file_name": "94_11221.png",
            "width": 103,
            "height": 29
        },
        {
            "id": 95,
            "file_name": "95_11222.png",
            "width": 109,
            "height": 29
        },
        {
            "id": 96,
            "file_name": "96_11221.png",
            "width": 101,
            "height": 29
        },
        {
            "id": 97,
            "file_name": "97_11221.png",
            "width": 102,
            "height": 29
        },
        {
            "id": 98,
            "file_name": "98_11222.png",
            "width": 110,
            "height": 29
        },
        {
            "id": 99,
            "file_name": "99_11222.png",
            "width": 110,
            "height": 29
        },
        {
            "id": 100,
            "file_name": "100_11221.png",
            "width": 102,
            "height": 29
        }
    ],
    "annotations": [
        {
            "id": 1,
            "image_id": 1,
            "category_id": 1,
            "caption": "11122"
        },
        {
            "id": 2,
            "image_id": 2,
            "category_id": 1,
            "caption": "11122"
        },
        {
            "id": 3,
            "image_id": 3,
            "category_id": 1,
            "caption": "11122"
        },
        {
            "id": 4,
            "image_id": 4,
            "category_id": 1,
            "caption": "11121"
        },
        {
            "id": 5,
            "image_id": 5,
            "category_id": 1,
            "caption": "11122"
        },
        {
            "id": 6,
            "image_id": 6,
            "category_id": 1,
            "caption": "11121"
        },
        {
            "id": 7,
            "image_id": 7,
            "category_id": 1,
            "caption": "11122"
        },
        {
            "id": 8,
            "image_id": 8,
            "category_id": 1,
            "caption": "11122"
        },
        {
            "id": 9,
            "image_id": 9,
            "category_id": 1,
            "caption": "11122"
        },
        {
            "id": 10,
            "image_id": 10,
            "category_id": 1,
            "caption": "11121"
        },
        {
            "id": 11,
            "image_id": 11,
            "category_id": 1,
            "caption": "11122"
        },
        {
            "id": 12,
            "image_id": 12,
            "category_id": 1,
            "caption": "11121"
        },
        {
            "id": 13,
            "image_id": 13,
            "category_id": 1,
            "caption": "11122"
        },
        {
            "id": 14,
            "image_id": 14,
            "category_id": 1,
            "caption": "11122"
        },
        {
            "id": 15,
            "image_id": 15,
            "category_id": 1,
            "caption": "11122"
        },
        {
            "id": 16,
            "image_id": 16,
            "category_id": 1,
            "caption": "11121"
        },
        {
            "id": 17,
            "image_id": 17,
            "category_id": 1,
            "caption": "11122"
        },
        {
            "id": 18,
            "image_id": 18,
            "category_id": 1,
            "caption": "11121"
        },
        {
            "id": 19,
            "image_id": 19,
            "category_id": 1,
            "caption": "11122"
        },
        {
            "id": 20,
            "image_id": 20,
            "category_id": 1,
            "caption": "11122"
        },
        {
            "id": 21,
            "image_id": 21,
            "category_id": 1,
            "caption": "11122"
        },
        {
            "id": 22,
            "image_id": 22,
            "category_id": 1,
            "caption": "11121"
        },
        {
            "id": 23,
            "image_id": 23,
            "category_id": 1,
            "caption": "11122"
        },
        {
            "id": 24,
            "image_id": 24,
            "category_id": 1,
            "caption": "11121"
        },
        {
            "id": 25,
            "image_id": 25,
            "category_id": 1,
            "caption": "11112"
        },
        {
            "id": 26,
            "image_id": 26,
            "category_id": 1,
            "caption": "11112"
        },
        {
            "id": 27,
            "image_id": 27,
            "category_id": 1,
            "caption": "11112"
        },
        {
            "id": 28,
            "image_id": 28,
            "category_id": 1,
            "caption": "11112"
        },
        {
            "id": 29,
            "image_id": 29,
            "category_id": 1,
            "caption": "11112"
        },
        {
            "id": 30,
            "image_id": 30,
            "category_id": 1,
            "caption": "11111"
        },
        {
            "id": 31,
            "image_id": 31,
            "category_id": 1,
            "caption": "11122"
        },
        {
            "id": 32,
            "image_id": 32,
            "category_id": 1,
            "caption": "11122"
        },
        {
            "id": 33,
            "image_id": 33,
            "category_id": 1,
            "caption": "11122"
        },
        {
            "id": 34,
            "image_id": 34,
            "category_id": 1,
            "caption": "11122"
        },
        {
            "id": 35,
            "image_id": 35,
            "category_id": 1,
            "caption": "11121"
        },
        {
            "id": 36,
            "image_id": 36,
            "category_id": 1,
            "caption": "11121"
        },
        {
            "id": 37,
            "image_id": 37,
            "category_id": 1,
            "caption": "11112"
        },
        {
            "id": 38,
            "image_id": 38,
            "category_id": 1,
            "caption": "11112"
        },
        {
            "id": 39,
            "image_id": 39,
            "category_id": 1,
            "caption": "11112"
        },
        {
            "id": 40,
            "image_id": 40,
            "category_id": 1,
            "caption": "11112"
        },
        {
            "id": 41,
            "image_id": 41,
            "category_id": 1,
            "caption": "11111"
        },
        {
            "id": 42,
            "image_id": 42,
            "category_id": 1,
            "caption": "11112"
        },
        {
            "id": 43,
            "image_id": 43,
            "category_id": 1,
            "caption": "11212"
        },
        {
            "id": 44,
            "image_id": 44,
            "category_id": 1,
            "caption": "11212"
        },
        {
            "id": 45,
            "image_id": 45,
            "category_id": 1,
            "caption": "11212"
        },
        {
            "id": 46,
            "image_id": 46,
            "category_id": 1,
            "caption": "11211"
        },
        {
            "id": 47,
            "image_id": 47,
            "category_id": 1,
            "caption": "11212"
        },
        {
            "id": 48,
            "image_id": 48,
            "category_id": 1,
            "caption": "11211"
        },
        {
            "id": 49,
            "image_id": 49,
            "category_id": 1,
            "caption": "11221"
        },
        {
            "id": 50,
            "image_id": 50,
            "category_id": 1,
            "caption": "11222"
        },
        {
            "id": 51,
            "image_id": 51,
            "category_id": 1,
            "caption": "11222"
        },
        {
            "id": 52,
            "image_id": 52,
            "category_id": 1,
            "caption": "11221"
        },
        {
            "id": 53,
            "image_id": 53,
            "category_id": 1,
            "caption": "11222"
        },
        {
            "id": 54,
            "image_id": 54,
            "category_id": 1,
            "caption": "11221"
        },
        {
            "id": 55,
            "image_id": 55,
            "category_id": 1,
            "caption": "11221"
        },
        {
            "id": 56,
            "image_id": 56,
            "category_id": 1,
            "caption": "11222"
        },
        {
            "id": 57,
            "image_id": 57,
            "category_id": 1,
            "caption": "11222"
        },
        {
            "id": 58,
            "image_id": 58,
            "category_id": 1,
            "caption": "11221"
        },
        {
            "id": 59,
            "image_id": 59,
            "category_id": 1,
            "caption": "11222"
        },
        {
            "id": 60,
            "image_id": 60,
            "category_id": 1,
            "caption": "11221"
        },
        {
            "id": 61,
            "image_id": 61,
            "category_id": 1,
            "caption": "11221"
        },
        {
            "id": 62,
            "image_id": 62,
            "category_id": 1,
            "caption": "11222"
        },
        {
            "id": 63,
            "image_id": 63,
            "category_id": 1,
            "caption": "11222"
        },
        {
            "id": 64,
            "image_id": 64,
            "category_id": 1,
            "caption": "11221"
        },
        {
            "id": 65,
            "image_id": 65,
            "category_id": 1,
            "caption": "11222"
        },
        {
            "id": 66,
            "image_id": 66,
            "category_id": 1,
            "caption": "11221"
        },
        {
            "id": 67,
            "image_id": 67,
            "category_id": 1,
            "caption": "11211"
        },
        {
            "id": 68,
            "image_id": 68,
            "category_id": 1,
            "caption": "11212"
        },
        {
            "id": 69,
            "image_id": 69,
            "category_id": 1,
            "caption": "11212"
        },
        {
            "id": 70,
            "image_id": 70,
            "category_id": 1,
            "caption": "11212"
        },
        {
            "id": 71,
            "image_id": 71,
            "category_id": 1,
            "caption": "11212"
        },
        {
            "id": 72,
            "image_id": 72,
            "category_id": 1,
            "caption": "11211"
        },
        {
            "id": 73,
            "image_id": 73,
            "category_id": 1,
            "caption": "11221"
        },
        {
            "id": 74,
            "image_id": 74,
            "category_id": 1,
            "caption": "11222"
        },
        {
            "id": 75,
            "image_id": 75,
            "category_id": 1,
            "caption": "11222"
        },
        {
            "id": 76,
            "image_id": 76,
            "category_id": 1,
            "caption": "11222"
        },
        {
            "id": 77,
            "image_id": 77,
            "category_id": 1,
            "caption": "11221"
        },
        {
            "id": 78,
            "image_id": 78,
            "category_id": 1,
            "caption": "11221"
        },
        {
            "id": 79,
            "image_id": 79,
            "category_id": 1,
            "caption": "11211"
        },
        {
            "id": 80,
            "image_id": 80,
            "category_id": 1,
            "caption": "11212"
        },
        {
            "id": 81,
            "image_id": 81,
            "category_id": 1,
            "caption": "11212"
        },
        {
            "id": 82,
            "image_id": 82,
            "category_id": 1,
            "caption": "11212"
        },
        {
            "id": 83,
            "image_id": 83,
            "category_id": 1,
            "caption": "11211"
        },
        {
            "id": 84,
            "image_id": 84,
            "category_id": 1,
            "caption": "11212"
        },
        {
            "id": 85,
            "image_id": 85,
            "category_id": 1,
            "caption": "11212"
        },
        {
            "id": 86,
            "image_id": 86,
            "category_id": 1,
            "caption": "11212"
        },
        {
            "id": 87,
            "image_id": 87,
            "category_id": 1,
            "caption": "11212"
        },
        {
            "id": 88,
            "image_id": 88,
            "category_id": 1,
            "caption": "11211"
        },
        {
            "id": 89,
            "image_id": 89,
            "category_id": 1,
            "caption": "11212"
        },
        {
            "id": 90,
            "image_id": 90,
            "category_id": 1,
            "caption": "11211"
        },
        {
            "id": 91,
            "image_id": 91,
            "category_id": 1,
            "caption": "11221"
        },
        {
            "id": 92,
            "image_id": 92,
            "category_id": 1,
            "caption": "11222"
        },
        {
            "id": 93,
            "image_id": 93,
            "category_id": 1,
            "caption": "11222"
        },
        {
            "id": 94,
            "image_id": 94,
            "category_id": 1,
            "caption": "11221"
        },
        {
            "id": 95,
            "image_id": 95,
            "category_id": 1,
            "caption": "11222"
        },
        {
            "id": 96,
            "image_id": 96,
            "category_id": 1,
            "caption": "11221"
        },
        {
            "id": 97,
            "image_id": 97,
            "category_id": 1,
            "caption": "11221"
        },
        {
            "id": 98,
            "image_id": 98,
            "category_id": 1,
            "caption": "11222"
        },
        {
            "id": 99,
            "image_id": 99,
            "category_id": 1,
            "caption": "11222"
        },
        {
            "id": 100,
            "image_id": 100,
            "category_id": 1,
            "caption": "11221"
        }
    ],
    "categories": [
        {
            "id": 1,
            "name": "1",
            "supercategory": "character"
        },
        {
            "id": 2,
            "name": "2",
            "supercategory": "character"
        }
    ]
}