[
    {
        "tag": "accuracy",
        "value": 1.0
    },
    {
        "tag": "recall",
        "value": 1.0
    },
    {
        "tag": "precision",
        "value": 1.0
    },
    {
        "tag": "f1_score",
        "value": 1.0
    },
    {
        "tag": "accuracy_per_class",
        "value": [
            {
                "class_name": "1",
                "value": 1.0
            },
            {
                "class_name": "2",
                "value": 1.0
            }
        ]
    },
    {
        "tag": "recall_per_class",
        "value": [
            {
                "class_name": "1",
                "value": 1.0
            },
            {
                "class_name": "2",
                "value": 1.0
            }
        ]
    },
    {
        "tag": "precision_per_class",
        "value": [
            {
                "class_name": "1",
                "value": 1.0
            },
            {
                "class_name": "2",
                "value": 1.0
            }
        ]
    },
    {
        "tag": "f1_score_per_class",
        "value": [
            {
                "class_name": "1",
                "value": 1.0
            },
            {
                "class_name": "2",
                "value": 1.0
            }
        ]
    },
    {
        "tag": "confusion_matrix",
        "value": [
            {
                "class_name": "1",
                "value": [
                    5,
                    0
                ]
            },
            {
                "class_name": "2",
                "value": [
                    0,
                    6
                ]
            }
        ]
    }
]