{
  "builder_name": "generator",
  "citation": "",
  "config_name": "default",
  "dataset_size": 187908,
  "description": "",
  "download_checksums": {},
  "download_size": 0,
  "features": {
    "image": {
      "_type": "Image"
    },
    "image_id": {
      "dtype": "int32",
      "_type": "Value"
    },
    "width": {
      "dtype": "int32",
      "_type": "Value"
    },
    "height": {
      "dtype": "int32",
      "_type": "Value"
    },
    "label": {
      "names": [
        "one",
        "two"
      ],
      "_type": "ClassLabel"
    }
  },
  "homepage": "",
  "license": "",
  "size_in_bytes": 187908,
  "splits": {
    "train": {
      "name": "train",
      "num_bytes": 187908,
      "num_examples": 80,
      "dataset_name": "generator"
    }
  },
  "version": {
    "version_str": "0.0.0",
    "major": 0,
    "minor": 0,
    "patch": 0
  }
}