[
    [
        {
            "tag": "epoch",
            "value": 0.0
        },
        {
            "tag": "train/loss",
            "value": 0.28461
        },
        {
            "tag": "metrics/accuracy_top1",
            "value": 0.6
        },
        {
            "tag": "metrics/accuracy_top5",
            "value": 1.0
        },
        {
            "tag": "val/loss",
            "value": 0.10828
        },
        {
            "tag": "lr/pg0",
            "value": 0.0982
        },
        {
            "tag": "lr/pg1",
            "value": 0.0002
        },
        {
            "tag": "lr/pg2",
            "value": 0.0002
        }
    ],
    [
        {
            "tag": "epoch",
            "value": 1.0
        },
        {
            "tag": "train/loss",
            "value": 0.28127
        },
        {
            "tag": "metrics/accuracy_top1",
            "value": 0.4
        },
        {
            "tag": "metrics/accuracy_top5",
            "value": 1.0
        },
        {
            "tag": "val/loss",
            "value": 0.10834
        },
        {
            "tag": "lr/pg0",
            "value": 0.09549
        },
        {
            "tag": "lr/pg1",
            "value": 0.0004901
        },
        {
            "tag": "lr/pg2",
            "value": 0.0004901
        }
    ],
    [
        {
            "tag": "epoch",
            "value": 2.0
        },
        {
            "tag": "train/loss",
            "value": 0.2852
        },
        {
            "tag": "metrics/accuracy_top1",
            "value": 0.4
        },
        {
            "tag": "metrics/accuracy_top5",
            "value": 1.0
        },
        {
            "tag": "val/loss",
            "value": 0.1084
        },
        {
            "tag": "lr/pg0",
            "value": 0.092768
        },
        {
            "tag": "lr/pg1",
            "value": 0.00076832
        },
        {
            "tag": "lr/pg2",
            "value": 0.00076832
        }
    ],
    [
        {
            "tag": "epoch",
            "value": 3.0
        },
        {
            "tag": "train/loss",
            "value": 0.27783
        },
        {
            "tag": "metrics/accuracy_top1",
            "value": 0.4
        },
        {
            "tag": "metrics/accuracy_top5",
            "value": 1.0
        },
        {
            "tag": "val/loss",
            "value": 0.10864
        },
        {
            "tag": "lr/pg0",
            "value": 0.090035
        },
        {
            "tag": "lr/pg1",
            "value": 0.0010347
        },
        {
            "tag": "lr/pg2",
            "value": 0.0010347
        }
    ],
    [
        {
            "tag": "epoch",
            "value": 4.0
        },
        {
            "tag": "train/loss",
            "value": 0.28261
        },
        {
            "tag": "metrics/accuracy_top1",
            "value": 0.4
        },
        {
            "tag": "metrics/accuracy_top5",
            "value": 1.0
        },
        {
            "tag": "val/loss",
            "value": 0.10883
        },
        {
            "tag": "lr/pg0",
            "value": 0.087289
        },
        {
            "tag": "lr/pg1",
            "value": 0.0012891
        },
        {
            "tag": "lr/pg2",
            "value": 0.0012891
        }
    ],
    [
        {
            "tag": "epoch",
            "value": 5.0
        },
        {
            "tag": "train/loss",
            "value": 0.28454
        },
        {
            "tag": "metrics/accuracy_top1",
            "value": 0.4
        },
        {
            "tag": "metrics/accuracy_top5",
            "value": 1.0
        },
        {
            "tag": "val/loss",
            "value": 0.10895
        },
        {
            "tag": "lr/pg0",
            "value": 0.084532
        },
        {
            "tag": "lr/pg1",
            "value": 0.0015317
        },
        {
            "tag": "lr/pg2",
            "value": 0.0015317
        }
    ],
    [
        {
            "tag": "epoch",
            "value": 6.0
        },
        {
            "tag": "train/loss",
            "value": 0.2712
        },
        {
            "tag": "metrics/accuracy_top1",
            "value": 0.4
        },
        {
            "tag": "metrics/accuracy_top5",
            "value": 1.0
        },
        {
            "tag": "val/loss",
            "value": 0.10931
        },
        {
            "tag": "lr/pg0",
            "value": 0.081762
        },
        {
            "tag": "lr/pg1",
            "value": 0.0017624
        },
        {
            "tag": "lr/pg2",
            "value": 0.0017624
        }
    ],
    [
        {
            "tag": "epoch",
            "value": 7.0
        },
        {
            "tag": "train/loss",
            "value": 0.27101
        },
        {
            "tag": "metrics/accuracy_top1",
            "value": 0.4
        },
        {
            "tag": "metrics/accuracy_top5",
            "value": 1.0
        },
        {
            "tag": "val/loss",
            "value": 0.10968
        },
        {
            "tag": "lr/pg0",
            "value": 0.078981
        },
        {
            "tag": "lr/pg1",
            "value": 0.0019812
        },
        {
            "tag": "lr/pg2",
            "value": 0.0019812
        }
    ],
    [
        {
            "tag": "epoch",
            "value": 8.0
        },
        {
            "tag": "train/loss",
            "value": 0.27303
        },
        {
            "tag": "metrics/accuracy_top1",
            "value": 0.4
        },
        {
            "tag": "metrics/accuracy_top5",
            "value": 1.0
        },
        {
            "tag": "val/loss",
            "value": 0.11029
        },
        {
            "tag": "lr/pg0",
            "value": 0.076188
        },
        {
            "tag": "lr/pg1",
            "value": 0.0021882
        },
        {
            "tag": "lr/pg2",
            "value": 0.0021882
        }
    ],
    [
        {
            "tag": "epoch",
            "value": 9.0
        },
        {
            "tag": "train/loss",
            "value": 0.26193
        },
        {
            "tag": "metrics/accuracy_top1",
            "value": 0.4
        },
        {
            "tag": "metrics/accuracy_top5",
            "value": 1.0
        },
        {
            "tag": "val/loss",
            "value": 0.11078
        },
        {
            "tag": "lr/pg0",
            "value": 0.073383
        },
        {
            "tag": "lr/pg1",
            "value": 0.0023832
        },
        {
            "tag": "lr/pg2",
            "value": 0.0023832
        }
    ],
    [
        {
            "tag": "epoch",
            "value": 10.0
        },
        {
            "tag": "train/loss",
            "value": 0.24582
        },
        {
            "tag": "metrics/accuracy_top1",
            "value": 0.4
        },
        {
            "tag": "metrics/accuracy_top5",
            "value": 1.0
        },
        {
            "tag": "val/loss",
            "value": 0.11151
        },
        {
            "tag": "lr/pg0",
            "value": 0.070566
        },
        {
            "tag": "lr/pg1",
            "value": 0.0025664
        },
        {
            "tag": "lr/pg2",
            "value": 0.0025664
        }
    ],
    [
        {
            "tag": "epoch",
            "value": 11.0
        },
        {
            "tag": "train/loss",
            "value": 0.25235
        },
        {
            "tag": "metrics/accuracy_top1",
            "value": 0.4
        },
        {
            "tag": "metrics/accuracy_top5",
            "value": 1.0
        },
        {
            "tag": "val/loss",
            "value": 0.1123
        },
        {
            "tag": "lr/pg0",
            "value": 0.067738
        },
        {
            "tag": "lr/pg1",
            "value": 0.0027377
        },
        {
            "tag": "lr/pg2",
            "value": 0.0027377
        }
    ],
    [
        {
            "tag": "epoch",
            "value": 12.0
        },
        {
            "tag": "train/loss",
            "value": 0.24093
        },
        {
            "tag": "metrics/accuracy_top1",
            "value": 0.4
        },
        {
            "tag": "metrics/accuracy_top5",
            "value": 1.0
        },
        {
            "tag": "val/loss",
            "value": 0.11334
        },
        {
            "tag": "lr/pg0",
            "value": 0.064897
        },
        {
            "tag": "lr/pg1",
            "value": 0.0028971
        },
        {
            "tag": "lr/pg2",
            "value": 0.0028971
        }
    ],
    [
        {
            "tag": "epoch",
            "value": 13.0
        },
        {
            "tag": "train/loss",
            "value": 0.26965
        },
        {
            "tag": "metrics/accuracy_top1",
            "value": 0.4
        },
        {
            "tag": "metrics/accuracy_top5",
            "value": 1.0
        },
        {
            "tag": "val/loss",
            "value": 0.11359
        },
        {
            "tag": "lr/pg0",
            "value": 0.062045
        },
        {
            "tag": "lr/pg1",
            "value": 0.0030447
        },
        {
            "tag": "lr/pg2",
            "value": 0.0030447
        }
    ],
    [
        {
            "tag": "epoch",
            "value": 14.0
        },
        {
            "tag": "train/loss",
            "value": 0.26645
        },
        {
            "tag": "metrics/accuracy_top1",
            "value": 0.4
        },
        {
            "tag": "metrics/accuracy_top5",
            "value": 1.0
        },
        {
            "tag": "val/loss",
            "value": 0.11371
        },
        {
            "tag": "lr/pg0",
            "value": 0.05918
        },
        {
            "tag": "lr/pg1",
            "value": 0.0031803
        },
        {
            "tag": "lr/pg2",
            "value": 0.0031803
        }
    ],
    [
        {
            "tag": "epoch",
            "value": 15.0
        },
        {
            "tag": "train/loss",
            "value": 0.24566
        },
        {
            "tag": "metrics/accuracy_top1",
            "value": 0.4
        },
        {
            "tag": "metrics/accuracy_top5",
            "value": 1.0
        },
        {
            "tag": "val/loss",
            "value": 0.11346
        },
        {
            "tag": "lr/pg0",
            "value": 0.056304
        },
        {
            "tag": "lr/pg1",
            "value": 0.0033041
        },
        {
            "tag": "lr/pg2",
            "value": 0.0033041
        }
    ],
    [
        {
            "tag": "epoch",
            "value": 16.0
        },
        {
            "tag": "train/loss",
            "value": 0.231
        },
        {
            "tag": "metrics/accuracy_top1",
            "value": 0.4
        },
        {
            "tag": "metrics/accuracy_top5",
            "value": 1.0
        },
        {
            "tag": "val/loss",
            "value": 0.11304
        },
        {
            "tag": "lr/pg0",
            "value": 0.053416
        },
        {
            "tag": "lr/pg1",
            "value": 0.003416
        },
        {
            "tag": "lr/pg2",
            "value": 0.003416
        }
    ],
    [
        {
            "tag": "epoch",
            "value": 17.0
        },
        {
            "tag": "train/loss",
            "value": 0.2456
        },
        {
            "tag": "metrics/accuracy_top1",
            "value": 0.4
        },
        {
            "tag": "metrics/accuracy_top5",
            "value": 1.0
        },
        {
            "tag": "val/loss",
            "value": 0.11194
        },
        {
            "tag": "lr/pg0",
            "value": 0.050516
        },
        {
            "tag": "lr/pg1",
            "value": 0.003516
        },
        {
            "tag": "lr/pg2",
            "value": 0.003516
        }
    ],
    [
        {
            "tag": "epoch",
            "value": 18.0
        },
        {
            "tag": "train/loss",
            "value": 0.2083
        },
        {
            "tag": "metrics/accuracy_top1",
            "value": 0.4
        },
        {
            "tag": "metrics/accuracy_top5",
            "value": 1.0
        },
        {
            "tag": "val/loss",
            "value": 0.11145
        },
        {
            "tag": "lr/pg0",
            "value": 0.047604
        },
        {
            "tag": "lr/pg1",
            "value": 0.0036042
        },
        {
            "tag": "lr/pg2",
            "value": 0.0036042
        }
    ],
    [
        {
            "tag": "epoch",
            "value": 19.0
        },
        {
            "tag": "train/loss",
            "value": 0.22621
        },
        {
            "tag": "metrics/accuracy_top1",
            "value": 0.4
        },
        {
            "tag": "metrics/accuracy_top5",
            "value": 1.0
        },
        {
            "tag": "val/loss",
            "value": 0.11041
        },
        {
            "tag": "lr/pg0",
            "value": 0.04468
        },
        {
            "tag": "lr/pg1",
            "value": 0.0036804
        },
        {
            "tag": "lr/pg2",
            "value": 0.0036804
        }
    ],
    [
        {
            "tag": "epoch",
            "value": 20.0
        },
        {
            "tag": "train/loss",
            "value": 0.2203
        },
        {
            "tag": "metrics/accuracy_top1",
            "value": 0.4
        },
        {
            "tag": "metrics/accuracy_top5",
            "value": 1.0
        },
        {
            "tag": "val/loss",
            "value": 0.10974
        },
        {
            "tag": "lr/pg0",
            "value": 0.041745
        },
        {
            "tag": "lr/pg1",
            "value": 0.0037448
        },
        {
            "tag": "lr/pg2",
            "value": 0.0037448
        }
    ],
    [
        {
            "tag": "epoch",
            "value": 21.0
        },
        {
            "tag": "train/loss",
            "value": 0.22279
        },
        {
            "tag": "metrics/accuracy_top1",
            "value": 0.4
        },
        {
            "tag": "metrics/accuracy_top5",
            "value": 1.0
        },
        {
            "tag": "val/loss",
            "value": 0.10706
        },
        {
            "tag": "lr/pg0",
            "value": 0.038797
        },
        {
            "tag": "lr/pg1",
            "value": 0.0037973
        },
        {
            "tag": "lr/pg2",
            "value": 0.0037973
        }
    ],
    [
        {
            "tag": "epoch",
            "value": 22.0
        },
        {
            "tag": "train/loss",
            "value": 0.21371
        },
        {
            "tag": "metrics/accuracy_top1",
            "value": 0.4
        },
        {
            "tag": "metrics/accuracy_top5",
            "value": 1.0
        },
        {
            "tag": "val/loss",
            "value": 0.10565
        },
        {
            "tag": "lr/pg0",
            "value": 0.035838
        },
        {
            "tag": "lr/pg1",
            "value": 0.0038379
        },
        {
            "tag": "lr/pg2",
            "value": 0.0038379
        }
    ],
    [
        {
            "tag": "epoch",
            "value": 23.0
        },
        {
            "tag": "train/loss",
            "value": 0.21271
        },
        {
            "tag": "metrics/accuracy_top1",
            "value": 0.5
        },
        {
            "tag": "metrics/accuracy_top5",
            "value": 1.0
        },
        {
            "tag": "val/loss",
            "value": 0.09967
        },
        {
            "tag": "lr/pg0",
            "value": 0.032867
        },
        {
            "tag": "lr/pg1",
            "value": 0.0038667
        },
        {
            "tag": "lr/pg2",
            "value": 0.0038667
        }
    ],
    [
        {
            "tag": "epoch",
            "value": 24.0
        },
        {
            "tag": "train/loss",
            "value": 0.17597
        },
        {
            "tag": "metrics/accuracy_top1",
            "value": 0.8
        },
        {
            "tag": "metrics/accuracy_top5",
            "value": 1.0
        },
        {
            "tag": "val/loss",
            "value": 0.09576
        },
        {
            "tag": "lr/pg0",
            "value": 0.029884
        },
        {
            "tag": "lr/pg1",
            "value": 0.0038835
        },
        {
            "tag": "lr/pg2",
            "value": 0.0038835
        }
    ],
    [
        {
            "tag": "epoch",
            "value": 25.0
        },
        {
            "tag": "train/loss",
            "value": 0.22191
        },
        {
            "tag": "metrics/accuracy_top1",
            "value": 0.9
        },
        {
            "tag": "metrics/accuracy_top5",
            "value": 1.0
        },
        {
            "tag": "val/loss",
            "value": 0.08466
        },
        {
            "tag": "lr/pg0",
            "value": 0.026888
        },
        {
            "tag": "lr/pg1",
            "value": 0.0038885
        },
        {
            "tag": "lr/pg2",
            "value": 0.0038885
        }
    ],
    [
        {
            "tag": "epoch",
            "value": 26.0
        },
        {
            "tag": "train/loss",
            "value": 0.21765
        },
        {
            "tag": "metrics/accuracy_top1",
            "value": 1.0
        },
        {
            "tag": "metrics/accuracy_top5",
            "value": 1.0
        },
        {
            "tag": "val/loss",
            "value": 0.0788
        },
        {
            "tag": "lr/pg0",
            "value": 0.023882
        },
        {
            "tag": "lr/pg1",
            "value": 0.0038816
        },
        {
            "tag": "lr/pg2",
            "value": 0.0038816
        }
    ],
    [
        {
            "tag": "epoch",
            "value": 27.0
        },
        {
            "tag": "train/loss",
            "value": 0.20698
        },
        {
            "tag": "metrics/accuracy_top1",
            "value": 1.0
        },
        {
            "tag": "metrics/accuracy_top5",
            "value": 1.0
        },
        {
            "tag": "val/loss",
            "value": 0.07111
        },
        {
            "tag": "lr/pg0",
            "value": 0.020863
        },
        {
            "tag": "lr/pg1",
            "value": 0.0038628
        },
        {
            "tag": "lr/pg2",
            "value": 0.0038628
        }
    ],
    [
        {
            "tag": "epoch",
            "value": 28.0
        },
        {
            "tag": "train/loss",
            "value": 0.17403
        },
        {
            "tag": "metrics/accuracy_top1",
            "value": 1.0
        },
        {
            "tag": "metrics/accuracy_top5",
            "value": 1.0
        },
        {
            "tag": "val/loss",
            "value": 0.07117
        },
        {
            "tag": "lr/pg0",
            "value": 0.017832
        },
        {
            "tag": "lr/pg1",
            "value": 0.0038322
        },
        {
            "tag": "lr/pg2",
            "value": 0.0038322
        }
    ],
    [
        {
            "tag": "epoch",
            "value": 29.0
        },
        {
            "tag": "train/loss",
            "value": 0.21703
        },
        {
            "tag": "metrics/accuracy_top1",
            "value": 1.0
        },
        {
            "tag": "metrics/accuracy_top5",
            "value": 1.0
        },
        {
            "tag": "val/loss",
            "value": 0.06689
        },
        {
            "tag": "lr/pg0",
            "value": 0.01479
        },
        {
            "tag": "lr/pg1",
            "value": 0.0037896
        },
        {
            "tag": "lr/pg2",
            "value": 0.0037896
        }
    ],
    [
        {
            "tag": "epoch",
            "value": 30.0
        },
        {
            "tag": "train/loss",
            "value": 0.18258
        },
        {
            "tag": "metrics/accuracy_top1",
            "value": 1.0
        },
        {
            "tag": "metrics/accuracy_top5",
            "value": 1.0
        },
        {
            "tag": "val/loss",
            "value": 0.06537
        },
        {
            "tag": "lr/pg0",
            "value": 0.011735
        },
        {
            "tag": "lr/pg1",
            "value": 0.0037352
        },
        {
            "tag": "lr/pg2",
            "value": 0.0037352
        }
    ],
    [
        {
            "tag": "epoch",
            "value": 31.0
        },
        {
            "tag": "train/loss",
            "value": 0.20036
        },
        {
            "tag": "metrics/accuracy_top1",
            "value": 1.0
        },
        {
            "tag": "metrics/accuracy_top5",
            "value": 1.0
        },
        {
            "tag": "val/loss",
            "value": 0.06433
        },
        {
            "tag": "lr/pg0",
            "value": 0.0086689
        },
        {
            "tag": "lr/pg1",
            "value": 0.0036689
        },
        {
            "tag": "lr/pg2",
            "value": 0.0036689
        }
    ],
    [
        {
            "tag": "epoch",
            "value": 32.0
        },
        {
            "tag": "train/loss",
            "value": 0.18271
        },
        {
            "tag": "metrics/accuracy_top1",
            "value": 1.0
        },
        {
            "tag": "metrics/accuracy_top5",
            "value": 1.0
        },
        {
            "tag": "val/loss",
            "value": 0.06415
        },
        {
            "tag": "lr/pg0",
            "value": 0.0055907
        },
        {
            "tag": "lr/pg1",
            "value": 0.0035907
        },
        {
            "tag": "lr/pg2",
            "value": 0.0035907
        }
    ],
    [
        {
            "tag": "epoch",
            "value": 33.0
        },
        {
            "tag": "train/loss",
            "value": 0.19944
        },
        {
            "tag": "metrics/accuracy_top1",
            "value": 1.0
        },
        {
            "tag": "metrics/accuracy_top5",
            "value": 1.0
        },
        {
            "tag": "val/loss",
            "value": 0.0639
        },
        {
            "tag": "lr/pg0",
            "value": 0.003466
        },
        {
            "tag": "lr/pg1",
            "value": 0.003466
        },
        {
            "tag": "lr/pg2",
            "value": 0.003466
        }
    ],
    [
        {
            "tag": "epoch",
            "value": 34.0
        },
        {
            "tag": "train/loss",
            "value": 0.20436
        },
        {
            "tag": "metrics/accuracy_top1",
            "value": 1.0
        },
        {
            "tag": "metrics/accuracy_top5",
            "value": 1.0
        },
        {
            "tag": "val/loss",
            "value": 0.06427
        },
        {
            "tag": "lr/pg0",
            "value": 0.003466
        },
        {
            "tag": "lr/pg1",
            "value": 0.003466
        },
        {
            "tag": "lr/pg2",
            "value": 0.003466
        }
    ],
    [
        {
            "tag": "epoch",
            "value": 35.0
        },
        {
            "tag": "train/loss",
            "value": 0.1779
        },
        {
            "tag": "metrics/accuracy_top1",
            "value": 1.0
        },
        {
            "tag": "metrics/accuracy_top5",
            "value": 1.0
        },
        {
            "tag": "val/loss",
            "value": 0.06409
        },
        {
            "tag": "lr/pg0",
            "value": 0.003268
        },
        {
            "tag": "lr/pg1",
            "value": 0.003268
        },
        {
            "tag": "lr/pg2",
            "value": 0.003268
        }
    ],
    [
        {
            "tag": "epoch",
            "value": 36.0
        },
        {
            "tag": "train/loss",
            "value": 0.20707
        },
        {
            "tag": "metrics/accuracy_top1",
            "value": 1.0
        },
        {
            "tag": "metrics/accuracy_top5",
            "value": 1.0
        },
        {
            "tag": "val/loss",
            "value": 0.06378
        },
        {
            "tag": "lr/pg0",
            "value": 0.00307
        },
        {
            "tag": "lr/pg1",
            "value": 0.00307
        },
        {
            "tag": "lr/pg2",
            "value": 0.00307
        }
    ],
    [
        {
            "tag": "epoch",
            "value": 37.0
        },
        {
            "tag": "train/loss",
            "value": 0.18151
        },
        {
            "tag": "metrics/accuracy_top1",
            "value": 1.0
        },
        {
            "tag": "metrics/accuracy_top5",
            "value": 1.0
        },
        {
            "tag": "val/loss",
            "value": 0.06635
        },
        {
            "tag": "lr/pg0",
            "value": 0.002872
        },
        {
            "tag": "lr/pg1",
            "value": 0.002872
        },
        {
            "tag": "lr/pg2",
            "value": 0.002872
        }
    ],
    [
        {
            "tag": "epoch",
            "value": 38.0
        },
        {
            "tag": "train/loss",
            "value": 0.20536
        },
        {
            "tag": "metrics/accuracy_top1",
            "value": 1.0
        },
        {
            "tag": "metrics/accuracy_top5",
            "value": 1.0
        },
        {
            "tag": "val/loss",
            "value": 0.06628
        },
        {
            "tag": "lr/pg0",
            "value": 0.002674
        },
        {
            "tag": "lr/pg1",
            "value": 0.002674
        },
        {
            "tag": "lr/pg2",
            "value": 0.002674
        }
    ],
    [
        {
            "tag": "epoch",
            "value": 39.0
        },
        {
            "tag": "train/loss",
            "value": 0.17505
        },
        {
            "tag": "metrics/accuracy_top1",
            "value": 1.0
        },
        {
            "tag": "metrics/accuracy_top5",
            "value": 1.0
        },
        {
            "tag": "val/loss",
            "value": 0.06421
        },
        {
            "tag": "lr/pg0",
            "value": 0.002476
        },
        {
            "tag": "lr/pg1",
            "value": 0.002476
        },
        {
            "tag": "lr/pg2",
            "value": 0.002476
        }
    ],
    [
        {
            "tag": "epoch",
            "value": 40.0
        },
        {
            "tag": "train/loss",
            "value": 0.20909
        },
        {
            "tag": "metrics/accuracy_top1",
            "value": 1.0
        },
        {
            "tag": "metrics/accuracy_top5",
            "value": 1.0
        },
        {
            "tag": "val/loss",
            "value": 0.06378
        },
        {
            "tag": "lr/pg0",
            "value": 0.002278
        },
        {
            "tag": "lr/pg1",
            "value": 0.002278
        },
        {
            "tag": "lr/pg2",
            "value": 0.002278
        }
    ],
    [
        {
            "tag": "epoch",
            "value": 41.0
        },
        {
            "tag": "train/loss",
            "value": 0.17426
        },
        {
            "tag": "metrics/accuracy_top1",
            "value": 1.0
        },
        {
            "tag": "metrics/accuracy_top5",
            "value": 1.0
        },
        {
            "tag": "val/loss",
            "value": 0.06238
        },
        {
            "tag": "lr/pg0",
            "value": 0.00208
        },
        {
            "tag": "lr/pg1",
            "value": 0.00208
        },
        {
            "tag": "lr/pg2",
            "value": 0.00208
        }
    ],
    [
        {
            "tag": "epoch",
            "value": 42.0
        },
        {
            "tag": "train/loss",
            "value": 0.15929
        },
        {
            "tag": "metrics/accuracy_top1",
            "value": 1.0
        },
        {
            "tag": "metrics/accuracy_top5",
            "value": 1.0
        },
        {
            "tag": "val/loss",
            "value": 0.06216
        },
        {
            "tag": "lr/pg0",
            "value": 0.001882
        },
        {
            "tag": "lr/pg1",
            "value": 0.001882
        },
        {
            "tag": "lr/pg2",
            "value": 0.001882
        }
    ],
    [
        {
            "tag": "epoch",
            "value": 43.0
        },
        {
            "tag": "train/loss",
            "value": 0.16198
        },
        {
            "tag": "metrics/accuracy_top1",
            "value": 1.0
        },
        {
            "tag": "metrics/accuracy_top5",
            "value": 1.0
        },
        {
            "tag": "val/loss",
            "value": 0.06165
        },
        {
            "tag": "lr/pg0",
            "value": 0.001684
        },
        {
            "tag": "lr/pg1",
            "value": 0.001684
        },
        {
            "tag": "lr/pg2",
            "value": 0.001684
        }
    ],
    [
        {
            "tag": "epoch",
            "value": 44.0
        },
        {
            "tag": "train/loss",
            "value": 0.14804
        },
        {
            "tag": "metrics/accuracy_top1",
            "value": 1.0
        },
        {
            "tag": "metrics/accuracy_top5",
            "value": 1.0
        },
        {
            "tag": "val/loss",
            "value": 0.06161
        },
        {
            "tag": "lr/pg0",
            "value": 0.001486
        },
        {
            "tag": "lr/pg1",
            "value": 0.001486
        },
        {
            "tag": "lr/pg2",
            "value": 0.001486
        }
    ],
    [
        {
            "tag": "epoch",
            "value": 45.0
        },
        {
            "tag": "train/loss",
            "value": 0.17779
        },
        {
            "tag": "metrics/accuracy_top1",
            "value": 1.0
        },
        {
            "tag": "metrics/accuracy_top5",
            "value": 1.0
        },
        {
            "tag": "val/loss",
            "value": 0.06198
        },
        {
            "tag": "lr/pg0",
            "value": 0.001288
        },
        {
            "tag": "lr/pg1",
            "value": 0.001288
        },
        {
            "tag": "lr/pg2",
            "value": 0.001288
        }
    ],
    [
        {
            "tag": "epoch",
            "value": 46.0
        },
        {
            "tag": "train/loss",
            "value": 0.1796
        },
        {
            "tag": "metrics/accuracy_top1",
            "value": 1.0
        },
        {
            "tag": "metrics/accuracy_top5",
            "value": 1.0
        },
        {
            "tag": "val/loss",
            "value": 0.06213
        },
        {
            "tag": "lr/pg0",
            "value": 0.00109
        },
        {
            "tag": "lr/pg1",
            "value": 0.00109
        },
        {
            "tag": "lr/pg2",
            "value": 0.00109
        }
    ],
    [
        {
            "tag": "epoch",
            "value": 47.0
        },
        {
            "tag": "train/loss",
            "value": 0.16429
        },
        {
            "tag": "metrics/accuracy_top1",
            "value": 1.0
        },
        {
            "tag": "metrics/accuracy_top5",
            "value": 1.0
        },
        {
            "tag": "val/loss",
            "value": 0.06247
        },
        {
            "tag": "lr/pg0",
            "value": 0.000892
        },
        {
            "tag": "lr/pg1",
            "value": 0.000892
        },
        {
            "tag": "lr/pg2",
            "value": 0.000892
        }
    ],
    [
        {
            "tag": "epoch",
            "value": 48.0
        },
        {
            "tag": "train/loss",
            "value": 0.20441
        },
        {
            "tag": "metrics/accuracy_top1",
            "value": 1.0
        },
        {
            "tag": "metrics/accuracy_top5",
            "value": 1.0
        },
        {
            "tag": "val/loss",
            "value": 0.06256
        },
        {
            "tag": "lr/pg0",
            "value": 0.000694
        },
        {
            "tag": "lr/pg1",
            "value": 0.000694
        },
        {
            "tag": "lr/pg2",
            "value": 0.000694
        }
    ],
    [
        {
            "tag": "epoch",
            "value": 49.0
        },
        {
            "tag": "train/loss",
            "value": 0.21968
        },
        {
            "tag": "metrics/accuracy_top1",
            "value": 1.0
        },
        {
            "tag": "metrics/accuracy_top5",
            "value": 1.0
        },
        {
            "tag": "val/loss",
            "value": 0.06216
        },
        {
            "tag": "lr/pg0",
            "value": 0.000496
        },
        {
            "tag": "lr/pg1",
            "value": 0.000496
        },
        {
            "tag": "lr/pg2",
            "value": 0.000496
        }
    ]
]