[
    {
        "tag": "mAP",
        "value": 0.887499988079071
    },
    {
        "tag": "mAP_50",
        "value": 1.0
    },
    {
        "tag": "mAP_75",
        "value": 1.0
    },
    {
        "tag": "mAP_small",
        "value": 0.8336633443832397
    },
    {
        "tag": "mAP_medium",
        "value": 0.9126237630844116
    },
    {
        "tag": "mAP_large",
        "value": -1.0
    },
    {
        "tag": "mAR_1",
        "value": 0.8999999761581421
    },
    {
        "tag": "mAR_10",
        "value": 0.8999999761581421
    },
    {
        "tag": "mAR_100",
        "value": 0.8999999761581421
    },
    {
        "tag": "mAR_small",
        "value": 0.8666666746139526
    },
    {
        "tag": "mAR_medium",
        "value": 0.9126237630844116
    },
    {
        "tag": "mAR_large",
        "value": -1.0
    },
    {
        "tag": "mAP_per_class",
        "value": [
            {
                "class_name": "1",
                "value": 0.875
            },
            {
                "class_name": "2",
                "value": 0.8999999761581421
            }
        ]
    },
    {
        "tag": "mAR_100_per_class",
        "value": [
            {
                "class_name": "1",
                "value": 0.8999999761581421
            },
            {
                "class_name": "2",
                "value": 0.8999999761581421
            }
        ]
    }
]