{
    "objects": [
        {
            "id": 62,
            "class_id": 1,
            "class_name": "number",
            "annotation_type": "box",
            "annotation": {
                "coord": {
                    "x": 204,
                    "y": 108,
                    "width": 24,
                    "height": 50
                },
                "meta": {
                    "z_index": 0,
                    "visible": true,
                    "alpha": 1,
                    "color": "#F3232D"
                }
            },
            "properties": [
                {
                    "type": "checkbox",
                    "property_id": 1,
                    "property_name": "number_Type",
                    "option_names": [
                        "1"
                    ]
                }
            ]
        }
    ]
}