[
    [
        {
            "tag": "epoch",
            "value": 0.0
        },
        {
            "tag": "train/loss",
            "value": 0.29208
        },
        {
            "tag": "metrics/accuracy_top1",
            "value": 0.6
        },
        {
            "tag": "metrics/accuracy_top5",
            "value": 1.0
        },
        {
            "tag": "val/loss",
            "value": 0.10803
        },
        {
            "tag": "lr/pg0",
            "value": 0.0982
        },
        {
            "tag": "lr/pg1",
            "value": 0.0002
        },
        {
            "tag": "lr/pg2",
            "value": 0.0002
        }
    ],
    [
        {
            "tag": "epoch",
            "value": 1.0
        },
        {
            "tag": "train/loss",
            "value": 0.29089
        },
        {
            "tag": "metrics/accuracy_top1",
            "value": 0.6
        },
        {
            "tag": "metrics/accuracy_top5",
            "value": 1.0
        },
        {
            "tag": "val/loss",
            "value": 0.10791
        },
        {
            "tag": "lr/pg0",
            "value": 0.095483
        },
        {
            "tag": "lr/pg1",
            "value": 0.0004835
        },
        {
            "tag": "lr/pg2",
            "value": 0.0004835
        }
    ],
    [
        {
            "tag": "epoch",
            "value": 2.0
        },
        {
            "tag": "train/loss",
            "value": 0.28709
        },
        {
            "tag": "metrics/accuracy_top1",
            "value": 0.6
        },
        {
            "tag": "metrics/accuracy_top5",
            "value": 1.0
        },
        {
            "tag": "val/loss",
            "value": 0.10779
        },
        {
            "tag": "lr/pg0",
            "value": 0.092747
        },
        {
            "tag": "lr/pg1",
            "value": 0.0007472
        },
        {
            "tag": "lr/pg2",
            "value": 0.0007472
        }
    ],
    [
        {
            "tag": "epoch",
            "value": 3.0
        },
        {
            "tag": "train/loss",
            "value": 0.28096
        },
        {
            "tag": "metrics/accuracy_top1",
            "value": 0.6
        },
        {
            "tag": "metrics/accuracy_top5",
            "value": 1.0
        },
        {
            "tag": "val/loss",
            "value": 0.10785
        },
        {
            "tag": "lr/pg0",
            "value": 0.089991
        },
        {
            "tag": "lr/pg1",
            "value": 0.0009911
        },
        {
            "tag": "lr/pg2",
            "value": 0.0009911
        }
    ],
    [
        {
            "tag": "epoch",
            "value": 4.0
        },
        {
            "tag": "train/loss",
            "value": 0.27276
        },
        {
            "tag": "metrics/accuracy_top1",
            "value": 0.6
        },
        {
            "tag": "metrics/accuracy_top5",
            "value": 1.0
        },
        {
            "tag": "val/loss",
            "value": 0.10797
        },
        {
            "tag": "lr/pg0",
            "value": 0.087215
        },
        {
            "tag": "lr/pg1",
            "value": 0.0012152
        },
        {
            "tag": "lr/pg2",
            "value": 0.0012152
        }
    ],
    [
        {
            "tag": "epoch",
            "value": 5.0
        },
        {
            "tag": "train/loss",
            "value": 0.26476
        },
        {
            "tag": "metrics/accuracy_top1",
            "value": 0.6
        },
        {
            "tag": "metrics/accuracy_top5",
            "value": 1.0
        },
        {
            "tag": "val/loss",
            "value": 0.10834
        },
        {
            "tag": "lr/pg0",
            "value": 0.08442
        },
        {
            "tag": "lr/pg1",
            "value": 0.0014195
        },
        {
            "tag": "lr/pg2",
            "value": 0.0014195
        }
    ],
    [
        {
            "tag": "epoch",
            "value": 6.0
        },
        {
            "tag": "train/loss",
            "value": 0.25333
        },
        {
            "tag": "metrics/accuracy_top1",
            "value": 0.4
        },
        {
            "tag": "metrics/accuracy_top5",
            "value": 1.0
        },
        {
            "tag": "val/loss",
            "value": 0.10901
        },
        {
            "tag": "lr/pg0",
            "value": 0.081604
        },
        {
            "tag": "lr/pg1",
            "value": 0.001604
        },
        {
            "tag": "lr/pg2",
            "value": 0.001604
        }
    ],
    [
        {
            "tag": "epoch",
            "value": 7.0
        },
        {
            "tag": "train/loss",
            "value": 0.24308
        },
        {
            "tag": "metrics/accuracy_top1",
            "value": 0.4
        },
        {
            "tag": "metrics/accuracy_top5",
            "value": 1.0
        },
        {
            "tag": "val/loss",
            "value": 0.10999
        },
        {
            "tag": "lr/pg0",
            "value": 0.078769
        },
        {
            "tag": "lr/pg1",
            "value": 0.0017687
        },
        {
            "tag": "lr/pg2",
            "value": 0.0017687
        }
    ],
    [
        {
            "tag": "epoch",
            "value": 8.0
        },
        {
            "tag": "train/loss",
            "value": 0.22676
        },
        {
            "tag": "metrics/accuracy_top1",
            "value": 0.4
        },
        {
            "tag": "metrics/accuracy_top5",
            "value": 1.0
        },
        {
            "tag": "val/loss",
            "value": 0.11133
        },
        {
            "tag": "lr/pg0",
            "value": 0.075914
        },
        {
            "tag": "lr/pg1",
            "value": 0.0019136
        },
        {
            "tag": "lr/pg2",
            "value": 0.0019136
        }
    ],
    [
        {
            "tag": "epoch",
            "value": 9.0
        },
        {
            "tag": "train/loss",
            "value": 0.20996
        },
        {
            "tag": "metrics/accuracy_top1",
            "value": 0.4
        },
        {
            "tag": "metrics/accuracy_top5",
            "value": 1.0
        },
        {
            "tag": "val/loss",
            "value": 0.11304
        },
        {
            "tag": "lr/pg0",
            "value": 0.073039
        },
        {
            "tag": "lr/pg1",
            "value": 0.0020387
        },
        {
            "tag": "lr/pg2",
            "value": 0.0020387
        }
    ],
    [
        {
            "tag": "epoch",
            "value": 10.0
        },
        {
            "tag": "train/loss",
            "value": 0.19134
        },
        {
            "tag": "metrics/accuracy_top1",
            "value": 0.4
        },
        {
            "tag": "metrics/accuracy_top5",
            "value": 1.0
        },
        {
            "tag": "val/loss",
            "value": 0.11499
        },
        {
            "tag": "lr/pg0",
            "value": 0.070144
        },
        {
            "tag": "lr/pg1",
            "value": 0.002144
        },
        {
            "tag": "lr/pg2",
            "value": 0.002144
        }
    ],
    [
        {
            "tag": "epoch",
            "value": 11.0
        },
        {
            "tag": "train/loss",
            "value": 0.17491
        },
        {
            "tag": "metrics/accuracy_top1",
            "value": 0.4
        },
        {
            "tag": "metrics/accuracy_top5",
            "value": 1.0
        },
        {
            "tag": "val/loss",
            "value": 0.11725
        },
        {
            "tag": "lr/pg0",
            "value": 0.067229
        },
        {
            "tag": "lr/pg1",
            "value": 0.0022295
        },
        {
            "tag": "lr/pg2",
            "value": 0.0022295
        }
    ],
    [
        {
            "tag": "epoch",
            "value": 12.0
        },
        {
            "tag": "train/loss",
            "value": 0.15479
        },
        {
            "tag": "metrics/accuracy_top1",
            "value": 0.4
        },
        {
            "tag": "metrics/accuracy_top5",
            "value": 1.0
        },
        {
            "tag": "val/loss",
            "value": 0.11957
        },
        {
            "tag": "lr/pg0",
            "value": 0.064295
        },
        {
            "tag": "lr/pg1",
            "value": 0.0022952
        },
        {
            "tag": "lr/pg2",
            "value": 0.0022952
        }
    ],
    [
        {
            "tag": "epoch",
            "value": 13.0
        },
        {
            "tag": "train/loss",
            "value": 0.13607
        },
        {
            "tag": "metrics/accuracy_top1",
            "value": 0.4
        },
        {
            "tag": "metrics/accuracy_top5",
            "value": 1.0
        },
        {
            "tag": "val/loss",
            "value": 0.12183
        },
        {
            "tag": "lr/pg0",
            "value": 0.061341
        },
        {
            "tag": "lr/pg1",
            "value": 0.0023411
        },
        {
            "tag": "lr/pg2",
            "value": 0.0023411
        }
    ],
    [
        {
            "tag": "epoch",
            "value": 14.0
        },
        {
            "tag": "train/loss",
            "value": 0.11407
        },
        {
            "tag": "metrics/accuracy_top1",
            "value": 0.4
        },
        {
            "tag": "metrics/accuracy_top5",
            "value": 1.0
        },
        {
            "tag": "val/loss",
            "value": 0.12415
        },
        {
            "tag": "lr/pg0",
            "value": 0.058367
        },
        {
            "tag": "lr/pg1",
            "value": 0.0023672
        },
        {
            "tag": "lr/pg2",
            "value": 0.0023672
        }
    ],
    [
        {
            "tag": "epoch",
            "value": 15.0
        },
        {
            "tag": "train/loss",
            "value": 0.10445
        },
        {
            "tag": "metrics/accuracy_top1",
            "value": 0.4
        },
        {
            "tag": "metrics/accuracy_top5",
            "value": 1.0
        },
        {
            "tag": "val/loss",
            "value": 0.1261
        },
        {
            "tag": "lr/pg0",
            "value": 0.055374
        },
        {
            "tag": "lr/pg1",
            "value": 0.0023735
        },
        {
            "tag": "lr/pg2",
            "value": 0.0023735
        }
    ],
    [
        {
            "tag": "epoch",
            "value": 16.0
        },
        {
            "tag": "train/loss",
            "value": 0.08633
        },
        {
            "tag": "metrics/accuracy_top1",
            "value": 0.4
        },
        {
            "tag": "metrics/accuracy_top5",
            "value": 1.0
        },
        {
            "tag": "val/loss",
            "value": 0.12708
        },
        {
            "tag": "lr/pg0",
            "value": 0.05236
        },
        {
            "tag": "lr/pg1",
            "value": 0.00236
        },
        {
            "tag": "lr/pg2",
            "value": 0.00236
        }
    ],
    [
        {
            "tag": "epoch",
            "value": 17.0
        },
        {
            "tag": "train/loss",
            "value": 0.08267
        },
        {
            "tag": "metrics/accuracy_top1",
            "value": 0.4
        },
        {
            "tag": "metrics/accuracy_top5",
            "value": 1.0
        },
        {
            "tag": "val/loss",
            "value": 0.12781
        },
        {
            "tag": "lr/pg0",
            "value": 0.049327
        },
        {
            "tag": "lr/pg1",
            "value": 0.0023267
        },
        {
            "tag": "lr/pg2",
            "value": 0.0023267
        }
    ],
    [
        {
            "tag": "epoch",
            "value": 18.0
        },
        {
            "tag": "train/loss",
            "value": 0.06807
        },
        {
            "tag": "metrics/accuracy_top1",
            "value": 0.4
        },
        {
            "tag": "metrics/accuracy_top5",
            "value": 1.0
        },
        {
            "tag": "val/loss",
            "value": 0.12793
        },
        {
            "tag": "lr/pg0",
            "value": 0.046274
        },
        {
            "tag": "lr/pg1",
            "value": 0.0022736
        },
        {
            "tag": "lr/pg2",
            "value": 0.0022736
        }
    ],
    [
        {
            "tag": "epoch",
            "value": 19.0
        },
        {
            "tag": "train/loss",
            "value": 0.06513
        },
        {
            "tag": "metrics/accuracy_top1",
            "value": 0.4
        },
        {
            "tag": "metrics/accuracy_top5",
            "value": 1.0
        },
        {
            "tag": "val/loss",
            "value": 0.12756
        },
        {
            "tag": "lr/pg0",
            "value": 0.043201
        },
        {
            "tag": "lr/pg1",
            "value": 0.0022007
        },
        {
            "tag": "lr/pg2",
            "value": 0.0022007
        }
    ],
    [
        {
            "tag": "epoch",
            "value": 20.0
        },
        {
            "tag": "train/loss",
            "value": 0.05639
        },
        {
            "tag": "metrics/accuracy_top1",
            "value": 0.4
        },
        {
            "tag": "metrics/accuracy_top5",
            "value": 1.0
        },
        {
            "tag": "val/loss",
            "value": 0.12708
        },
        {
            "tag": "lr/pg0",
            "value": 0.040108
        },
        {
            "tag": "lr/pg1",
            "value": 0.002108
        },
        {
            "tag": "lr/pg2",
            "value": 0.002108
        }
    ],
    [
        {
            "tag": "epoch",
            "value": 21.0
        },
        {
            "tag": "train/loss",
            "value": 0.05557
        },
        {
            "tag": "metrics/accuracy_top1",
            "value": 0.4
        },
        {
            "tag": "metrics/accuracy_top5",
            "value": 1.0
        },
        {
            "tag": "val/loss",
            "value": 0.12335
        },
        {
            "tag": "lr/pg0",
            "value": 0.036996
        },
        {
            "tag": "lr/pg1",
            "value": 0.0019955
        },
        {
            "tag": "lr/pg2",
            "value": 0.0019955
        }
    ],
    [
        {
            "tag": "epoch",
            "value": 22.0
        },
        {
            "tag": "train/loss",
            "value": 0.04341
        },
        {
            "tag": "metrics/accuracy_top1",
            "value": 0.4
        },
        {
            "tag": "metrics/accuracy_top5",
            "value": 1.0
        },
        {
            "tag": "val/loss",
            "value": 0.12115
        },
        {
            "tag": "lr/pg0",
            "value": 0.033863
        },
        {
            "tag": "lr/pg1",
            "value": 0.0018632
        },
        {
            "tag": "lr/pg2",
            "value": 0.0018632
        }
    ],
    [
        {
            "tag": "epoch",
            "value": 23.0
        },
        {
            "tag": "train/loss",
            "value": 0.04221
        },
        {
            "tag": "metrics/accuracy_top1",
            "value": 0.4
        },
        {
            "tag": "metrics/accuracy_top5",
            "value": 1.0
        },
        {
            "tag": "val/loss",
            "value": 0.1145
        },
        {
            "tag": "lr/pg0",
            "value": 0.030711
        },
        {
            "tag": "lr/pg1",
            "value": 0.0017111
        },
        {
            "tag": "lr/pg2",
            "value": 0.0017111
        }
    ],
    [
        {
            "tag": "epoch",
            "value": 24.0
        },
        {
            "tag": "train/loss",
            "value": 0.03685
        },
        {
            "tag": "metrics/accuracy_top1",
            "value": 0.4
        },
        {
            "tag": "metrics/accuracy_top5",
            "value": 1.0
        },
        {
            "tag": "val/loss",
            "value": 0.11035
        },
        {
            "tag": "lr/pg0",
            "value": 0.027539
        },
        {
            "tag": "lr/pg1",
            "value": 0.0015392
        },
        {
            "tag": "lr/pg2",
            "value": 0.0015392
        }
    ],
    [
        {
            "tag": "epoch",
            "value": 25.0
        },
        {
            "tag": "train/loss",
            "value": 0.04094
        },
        {
            "tag": "metrics/accuracy_top1",
            "value": 0.6
        },
        {
            "tag": "metrics/accuracy_top5",
            "value": 1.0
        },
        {
            "tag": "val/loss",
            "value": 0.10144
        },
        {
            "tag": "lr/pg0",
            "value": 0.024347
        },
        {
            "tag": "lr/pg1",
            "value": 0.0013475
        },
        {
            "tag": "lr/pg2",
            "value": 0.0013475
        }
    ],
    [
        {
            "tag": "epoch",
            "value": 26.0
        },
        {
            "tag": "train/loss",
            "value": 0.03658
        },
        {
            "tag": "metrics/accuracy_top1",
            "value": 0.6
        },
        {
            "tag": "metrics/accuracy_top5",
            "value": 1.0
        },
        {
            "tag": "val/loss",
            "value": 0.09814
        },
        {
            "tag": "lr/pg0",
            "value": 0.021136
        },
        {
            "tag": "lr/pg1",
            "value": 0.001136
        },
        {
            "tag": "lr/pg2",
            "value": 0.001136
        }
    ],
    [
        {
            "tag": "epoch",
            "value": 27.0
        },
        {
            "tag": "train/loss",
            "value": 0.02982
        },
        {
            "tag": "metrics/accuracy_top1",
            "value": 0.7
        },
        {
            "tag": "metrics/accuracy_top5",
            "value": 1.0
        },
        {
            "tag": "val/loss",
            "value": 0.09033
        },
        {
            "tag": "lr/pg0",
            "value": 0.017905
        },
        {
            "tag": "lr/pg1",
            "value": 0.0009047
        },
        {
            "tag": "lr/pg2",
            "value": 0.0009047
        }
    ],
    [
        {
            "tag": "epoch",
            "value": 28.0
        },
        {
            "tag": "train/loss",
            "value": 0.03062
        },
        {
            "tag": "metrics/accuracy_top1",
            "value": 0.7
        },
        {
            "tag": "metrics/accuracy_top5",
            "value": 1.0
        },
        {
            "tag": "val/loss",
            "value": 0.08783
        },
        {
            "tag": "lr/pg0",
            "value": 0.014654
        },
        {
            "tag": "lr/pg1",
            "value": 0.0006536
        },
        {
            "tag": "lr/pg2",
            "value": 0.0006536
        }
    ],
    [
        {
            "tag": "epoch",
            "value": 29.0
        },
        {
            "tag": "train/loss",
            "value": 0.02767
        },
        {
            "tag": "metrics/accuracy_top1",
            "value": 0.8
        },
        {
            "tag": "metrics/accuracy_top5",
            "value": 1.0
        },
        {
            "tag": "val/loss",
            "value": 0.08179
        },
        {
            "tag": "lr/pg0",
            "value": 0.011383
        },
        {
            "tag": "lr/pg1",
            "value": 0.0003827
        },
        {
            "tag": "lr/pg2",
            "value": 0.0003827
        }
    ]
]