<?xml version="1.0" encoding="utf-8"?>
<annotations>
  <version>1.1</version>
  <meta>
    <task>
      <id>8</id>
      <name>imagenet100_sample</name>
      <size>200</size>
      <mode>annotation</mode>
      <overlap>0</overlap>
      <bugtracker></bugtracker>
      <created>2024-08-05 06:36:15.818138+00:00</created>
      <updated>2024-08-05 06:37:23.474598+00:00</updated>
      <subset>default</subset>
      <start_frame>0</start_frame>
      <stop_frame>199</stop_frame>
      <frame_filter></frame_filter>
      <segments>
        <segment>
          <id>8</id>
          <start>0</start>
          <stop>199</stop>
          <url>http://aict.snuailab.ai:38080/api/jobs/8</url>
        </segment>
      </segments>
      <owner>
        <username>huijae.lee</username>
        <email>huijae.lee@snuailab.ai</email>
      </owner>
      <assignee></assignee>
      <labels>
        <label>
          <name>n01440764</name>
          <color>#6acfea</color>
          <type>tag</type>
          <attributes>
          </attributes>
        </label>
        <label>
          <name>n01443537</name>
          <color>#ee32d4</color>
          <type>tag</type>
          <attributes>
          </attributes>
        </label>
        <label>
          <name>n01484850</name>
          <color>#740452</color>
          <type>tag</type>
          <attributes>
          </attributes>
        </label>
        <label>
          <name>n01491361</name>
          <color>#13dc04</color>
          <type>tag</type>
          <attributes>
          </attributes>
        </label>
        <label>
          <name>n01494475</name>
          <color>#c5e3b4</color>
          <type>tag</type>
          <attributes>
          </attributes>
        </label>
        <label>
          <name>n01496331</name>
          <color>#acc33f</color>
          <type>tag</type>
          <attributes>
          </attributes>
        </label>
        <label>
          <name>n01498041</name>
          <color>#0d618c</color>
          <type>tag</type>
          <attributes>
          </attributes>
        </label>
        <label>
          <name>n01514668</name>
          <color>#3c26b2</color>
          <type>tag</type>
          <attributes>
          </attributes>
        </label>
        <label>
          <name>n01514859</name>
          <color>#a00129</color>
          <type>tag</type>
          <attributes>
          </attributes>
        </label>
        <label>
          <name>n01518878</name>
          <color>#37970a</color>
          <type>tag</type>
          <attributes>
          </attributes>
        </label>
        <label>
          <name>n01530575</name>
          <color>#313a8d</color>
          <type>tag</type>
          <attributes>
          </attributes>
        </label>
        <label>
          <name>n01531178</name>
          <color>#160754</color>
          <type>tag</type>
          <attributes>
          </attributes>
        </label>
        <label>
          <name>n01532829</name>
          <color>#188af6</color>
          <type>tag</type>
          <attributes>
          </attributes>
        </label>
        <label>
          <name>n01534433</name>
          <color>#80e499</color>
          <type>tag</type>
          <attributes>
          </attributes>
        </label>
        <label>
          <name>n01537544</name>
          <color>#c970be</color>
          <type>tag</type>
          <attributes>
          </attributes>
        </label>
        <label>
          <name>n01558993</name>
          <color>#e2db15</color>
          <type>tag</type>
          <attributes>
          </attributes>
        </label>
        <label>
          <name>n01560419</name>
          <color>#8f62f2</color>
          <type>tag</type>
          <attributes>
          </attributes>
        </label>
        <label>
          <name>n01580077</name>
          <color>#c94f6a</color>
          <type>tag</type>
          <attributes>
          </attributes>
        </label>
        <label>
          <name>n01582220</name>
          <color>#8a6cb2</color>
          <type>tag</type>
          <attributes>
          </attributes>
        </label>
        <label>
          <name>n01592084</name>
          <color>#b25f8f</color>
          <type>tag</type>
          <attributes>
          </attributes>
        </label>
        <label>
          <name>n01601694</name>
          <color>#97f886</color>
          <type>tag</type>
          <attributes>
          </attributes>
        </label>
        <label>
          <name>n01608432</name>
          <color>#15ee54</color>
          <type>tag</type>
          <attributes>
          </attributes>
        </label>
        <label>
          <name>n01614925</name>
          <color>#02da90</color>
          <type>tag</type>
          <attributes>
          </attributes>
        </label>
        <label>
          <name>n01616318</name>
          <color>#22dcc1</color>
          <type>tag</type>
          <attributes>
          </attributes>
        </label>
        <label>
          <name>n01622779</name>
          <color>#9ef19d</color>
          <type>tag</type>
          <attributes>
          </attributes>
        </label>
        <label>
          <name>n01629819</name>
          <color>#69e222</color>
          <type>tag</type>
          <attributes>
          </attributes>
        </label>
        <label>
          <name>n01630670</name>
          <color>#0ca243</color>
          <type>tag</type>
          <attributes>
          </attributes>
        </label>
        <label>
          <name>n01631663</name>
          <color>#76139d</color>
          <type>tag</type>
          <attributes>
          </attributes>
        </label>
        <label>
          <name>n01632458</name>
          <color>#ad6e1e</color>
          <type>tag</type>
          <attributes>
          </attributes>
        </label>
        <label>
          <name>n01632777</name>
          <color>#5df367</color>
          <type>tag</type>
          <attributes>
          </attributes>
        </label>
        <label>
          <name>n01641577</name>
          <color>#3fe555</color>
          <type>tag</type>
          <attributes>
          </attributes>
        </label>
        <label>
          <name>n01644373</name>
          <color>#e42096</color>
          <type>tag</type>
          <attributes>
          </attributes>
        </label>
        <label>
          <name>n01644900</name>
          <color>#79a5a6</color>
          <type>tag</type>
          <attributes>
          </attributes>
        </label>
        <label>
          <name>n01664065</name>
          <color>#b79328</color>
          <type>tag</type>
          <attributes>
          </attributes>
        </label>
        <label>
          <name>n01665541</name>
          <color>#afd2f4</color>
          <type>tag</type>
          <attributes>
          </attributes>
        </label>
        <label>
          <name>n01667114</name>
          <color>#71a3e9</color>
          <type>tag</type>
          <attributes>
          </attributes>
        </label>
        <label>
          <name>n01667778</name>
          <color>#9dd855</color>
          <type>tag</type>
          <attributes>
          </attributes>
        </label>
        <label>
          <name>n01669191</name>
          <color>#65cfc9</color>
          <type>tag</type>
          <attributes>
          </attributes>
        </label>
        <label>
          <name>n01675722</name>
          <color>#825276</color>
          <type>tag</type>
          <attributes>
          </attributes>
        </label>
        <label>
          <name>n01677366</name>
          <color>#0dea5f</color>
          <type>tag</type>
          <attributes>
          </attributes>
        </label>
        <label>
          <name>n01682714</name>
          <color>#85b1e9</color>
          <type>tag</type>
          <attributes>
          </attributes>
        </label>
        <label>
          <name>n01685808</name>
          <color>#de6928</color>
          <type>tag</type>
          <attributes>
          </attributes>
        </label>
        <label>
          <name>n01687978</name>
          <color>#4e5049</color>
          <type>tag</type>
          <attributes>
          </attributes>
        </label>
        <label>
          <name>n01688243</name>
          <color>#2230b6</color>
          <type>tag</type>
          <attributes>
          </attributes>
        </label>
        <label>
          <name>n01689811</name>
          <color>#b21d1d</color>
          <type>tag</type>
          <attributes>
          </attributes>
        </label>
        <label>
          <name>n01692333</name>
          <color>#a05eac</color>
          <type>tag</type>
          <attributes>
          </attributes>
        </label>
        <label>
          <name>n01693334</name>
          <color>#ac065f</color>
          <type>tag</type>
          <attributes>
          </attributes>
        </label>
        <label>
          <name>n01694178</name>
          <color>#01f2f4</color>
          <type>tag</type>
          <attributes>
          </attributes>
        </label>
        <label>
          <name>n01695060</name>
          <color>#751071</color>
          <type>tag</type>
          <attributes>
          </attributes>
        </label>
        <label>
          <name>n01697457</name>
          <color>#84f810</color>
          <type>tag</type>
          <attributes>
          </attributes>
        </label>
        <label>
          <name>n01698640</name>
          <color>#22c3af</color>
          <type>tag</type>
          <attributes>
          </attributes>
        </label>
        <label>
          <name>n01704323</name>
          <color>#f829dc</color>
          <type>tag</type>
          <attributes>
          </attributes>
        </label>
        <label>
          <name>n01728572</name>
          <color>#bdc872</color>
          <type>tag</type>
          <attributes>
          </attributes>
        </label>
        <label>
          <name>n01728920</name>
          <color>#29007f</color>
          <type>tag</type>
          <attributes>
          </attributes>
        </label>
        <label>
          <name>n01729322</name>
          <color>#4d256e</color>
          <type>tag</type>
          <attributes>
          </attributes>
        </label>
        <label>
          <name>n01729977</name>
          <color>#462b6f</color>
          <type>tag</type>
          <attributes>
          </attributes>
        </label>
        <label>
          <name>n01734418</name>
          <color>#dd21e7</color>
          <type>tag</type>
          <attributes>
          </attributes>
        </label>
        <label>
          <name>n01735189</name>
          <color>#c30b83</color>
          <type>tag</type>
          <attributes>
          </attributes>
        </label>
        <label>
          <name>n01737021</name>
          <color>#e84657</color>
          <type>tag</type>
          <attributes>
          </attributes>
        </label>
        <label>
          <name>n01739381</name>
          <color>#aa2099</color>
          <type>tag</type>
          <attributes>
          </attributes>
        </label>
        <label>
          <name>n01740131</name>
          <color>#cdeace</color>
          <type>tag</type>
          <attributes>
          </attributes>
        </label>
        <label>
          <name>n01742172</name>
          <color>#7f1130</color>
          <type>tag</type>
          <attributes>
          </attributes>
        </label>
        <label>
          <name>n01744401</name>
          <color>#055694</color>
          <type>tag</type>
          <attributes>
          </attributes>
        </label>
        <label>
          <name>n01748264</name>
          <color>#0f6156</color>
          <type>tag</type>
          <attributes>
          </attributes>
        </label>
        <label>
          <name>n01749939</name>
          <color>#52acc1</color>
          <type>tag</type>
          <attributes>
          </attributes>
        </label>
        <label>
          <name>n01751748</name>
          <color>#489ded</color>
          <type>tag</type>
          <attributes>
          </attributes>
        </label>
        <label>
          <name>n01753488</name>
          <color>#ce47be</color>
          <type>tag</type>
          <attributes>
          </attributes>
        </label>
        <label>
          <name>n01755581</name>
          <color>#af25cb</color>
          <type>tag</type>
          <attributes>
          </attributes>
        </label>
        <label>
          <name>n01756291</name>
          <color>#45feb3</color>
          <type>tag</type>
          <attributes>
          </attributes>
        </label>
        <label>
          <name>n01768244</name>
          <color>#248077</color>
          <type>tag</type>
          <attributes>
          </attributes>
        </label>
        <label>
          <name>n01770081</name>
          <color>#2707cd</color>
          <type>tag</type>
          <attributes>
          </attributes>
        </label>
        <label>
          <name>n01770393</name>
          <color>#fa6fcb</color>
          <type>tag</type>
          <attributes>
          </attributes>
        </label>
        <label>
          <name>n01773157</name>
          <color>#2a364b</color>
          <type>tag</type>
          <attributes>
          </attributes>
        </label>
        <label>
          <name>n01773549</name>
          <color>#e308cb</color>
          <type>tag</type>
          <attributes>
          </attributes>
        </label>
        <label>
          <name>n01773797</name>
          <color>#53cb43</color>
          <type>tag</type>
          <attributes>
          </attributes>
        </label>
        <label>
          <name>n01774384</name>
          <color>#92f8e9</color>
          <type>tag</type>
          <attributes>
          </attributes>
        </label>
        <label>
          <name>n01774750</name>
          <color>#d1ec76</color>
          <type>tag</type>
          <attributes>
          </attributes>
        </label>
        <label>
          <name>n01775062</name>
          <color>#2c1c0d</color>
          <type>tag</type>
          <attributes>
          </attributes>
        </label>
        <label>
          <name>n01776313</name>
          <color>#256f86</color>
          <type>tag</type>
          <attributes>
          </attributes>
        </label>
        <label>
          <name>n01784675</name>
          <color>#fbec07</color>
          <type>tag</type>
          <attributes>
          </attributes>
        </label>
        <label>
          <name>n01795545</name>
          <color>#d837f1</color>
          <type>tag</type>
          <attributes>
          </attributes>
        </label>
        <label>
          <name>n01796340</name>
          <color>#1e42dc</color>
          <type>tag</type>
          <attributes>
          </attributes>
        </label>
        <label>
          <name>n01797886</name>
          <color>#3c76b6</color>
          <type>tag</type>
          <attributes>
          </attributes>
        </label>
        <label>
          <name>n01798484</name>
          <color>#d78256</color>
          <type>tag</type>
          <attributes>
          </attributes>
        </label>
        <label>
          <name>n01806143</name>
          <color>#84036c</color>
          <type>tag</type>
          <attributes>
          </attributes>
        </label>
        <label>
          <name>n01806567</name>
          <color>#b18387</color>
          <type>tag</type>
          <attributes>
          </attributes>
        </label>
        <label>
          <name>n01807496</name>
          <color>#efcd65</color>
          <type>tag</type>
          <attributes>
          </attributes>
        </label>
        <label>
          <name>n01817953</name>
          <color>#03afe5</color>
          <type>tag</type>
          <attributes>
          </attributes>
        </label>
        <label>
          <name>n01818515</name>
          <color>#7e75bc</color>
          <type>tag</type>
          <attributes>
          </attributes>
        </label>
        <label>
          <name>n01819313</name>
          <color>#c7a54a</color>
          <type>tag</type>
          <attributes>
          </attributes>
        </label>
        <label>
          <name>n01820546</name>
          <color>#c316b1</color>
          <type>tag</type>
          <attributes>
          </attributes>
        </label>
        <label>
          <name>n01824575</name>
          <color>#a06730</color>
          <type>tag</type>
          <attributes>
          </attributes>
        </label>
        <label>
          <name>n01828970</name>
          <color>#ec597c</color>
          <type>tag</type>
          <attributes>
          </attributes>
        </label>
        <label>
          <name>n01829413</name>
          <color>#6210a7</color>
          <type>tag</type>
          <attributes>
          </attributes>
        </label>
        <label>
          <name>n01833805</name>
          <color>#375165</color>
          <type>tag</type>
          <attributes>
          </attributes>
        </label>
        <label>
          <name>n01843065</name>
          <color>#6a3ec2</color>
          <type>tag</type>
          <attributes>
          </attributes>
        </label>
        <label>
          <name>n01843383</name>
          <color>#871aa9</color>
          <type>tag</type>
          <attributes>
          </attributes>
        </label>
        <label>
          <name>n01847000</name>
          <color>#3be3c8</color>
          <type>tag</type>
          <attributes>
          </attributes>
        </label>
        <label>
          <name>n01855032</name>
          <color>#edfb5d</color>
          <type>tag</type>
          <attributes>
          </attributes>
        </label>
        <label>
          <name>n01855672</name>
          <color>#f4eca8</color>
          <type>tag</type>
          <attributes>
          </attributes>
        </label>
      </labels>
    </task>
    <dumped>2024-08-05 06:39:57.142416+00:00</dumped>
  </meta>
  <image id="0" name="train/n01440764/n01440764_2923.JPEG" width="160" height="127">
    <tag label="n01440764" source="file">
    </tag>
  </image>
  <image id="1" name="train/n01443537/n01443537_22323.JPEG" width="160" height="120">
    <tag label="n01443537" source="file">
    </tag>
  </image>
  <image id="2" name="train/n01484850/n01484850_7967.JPEG" width="160" height="107">
    <tag label="n01484850" source="file">
    </tag>
  </image>
  <image id="3" name="train/n01491361/n01491361_2692.JPEG" width="160" height="107">
    <tag label="n01491361" source="file">
    </tag>
  </image>
  <image id="4" name="train/n01494475/n01494475_16184.JPEG" width="142" height="160">
    <tag label="n01494475" source="file">
    </tag>
  </image>
  <image id="5" name="train/n01496331/n01496331_33488.JPEG" width="160" height="120">
    <tag label="n01496331" source="file">
    </tag>
  </image>
  <image id="6" name="train/n01498041/n01498041_4566.JPEG" width="160" height="120">
    <tag label="n01498041" source="file">
    </tag>
  </image>
  <image id="7" name="train/n01514668/n01514668_23019.JPEG" width="118" height="160">
    <tag label="n01514668" source="file">
    </tag>
  </image>
  <image id="8" name="train/n01514859/n01514859_3376.JPEG" width="120" height="160">
    <tag label="n01514859" source="file">
    </tag>
  </image>
  <image id="9" name="train/n01518878/n01518878_42327.JPEG" width="106" height="160">
    <tag label="n01518878" source="file">
    </tag>
  </image>
  <image id="10" name="train/n01530575/n01530575_7904.JPEG" width="160" height="120">
    <tag label="n01530575" source="file">
    </tag>
  </image>
  <image id="11" name="train/n01531178/n01531178_13274.JPEG" width="160" height="110">
    <tag label="n01531178" source="file">
    </tag>
  </image>
  <image id="12" name="train/n01532829/n01532829_26353.JPEG" width="160" height="119">
    <tag label="n01532829" source="file">
    </tag>
  </image>
  <image id="13" name="train/n01534433/n01534433_1275.JPEG" width="160" height="128">
    <tag label="n01534433" source="file">
    </tag>
  </image>
  <image id="14" name="train/n01537544/n01537544_17475.JPEG" width="160" height="120">
    <tag label="n01537544" source="file">
    </tag>
  </image>
  <image id="15" name="train/n01558993/n01558993_5325.JPEG" width="160" height="120">
    <tag label="n01558993" source="file">
    </tag>
  </image>
  <image id="16" name="train/n01560419/n01560419_6283.JPEG" width="120" height="160">
    <tag label="n01560419" source="file">
    </tag>
  </image>
  <image id="17" name="train/n01580077/n01580077_2267.JPEG" width="111" height="160">
    <tag label="n01580077" source="file">
    </tag>
  </image>
  <image id="18" name="train/n01582220/n01582220_3063.JPEG" width="160" height="129">
    <tag label="n01582220" source="file">
    </tag>
  </image>
  <image id="19" name="train/n01592084/n01592084_9395.JPEG" width="160" height="120">
    <tag label="n01592084" source="file">
    </tag>
  </image>
  <image id="20" name="train/n01601694/n01601694_5840.JPEG" width="160" height="120">
    <tag label="n01601694" source="file">
    </tag>
  </image>
  <image id="21" name="train/n01608432/n01608432_13181.JPEG" width="160" height="98">
    <tag label="n01608432" source="file">
    </tag>
  </image>
  <image id="22" name="train/n01614925/n01614925_36168.JPEG" width="160" height="106">
    <tag label="n01614925" source="file">
    </tag>
  </image>
  <image id="23" name="train/n01616318/n01616318_1208.JPEG" width="160" height="112">
    <tag label="n01616318" source="file">
    </tag>
  </image>
  <image id="24" name="train/n01622779/n01622779_2166.JPEG" width="109" height="160">
    <tag label="n01622779" source="file">
    </tag>
  </image>
  <image id="25" name="train/n01629819/n01629819_9690.JPEG" width="160" height="120">
    <tag label="n01629819" source="file">
    </tag>
  </image>
  <image id="26" name="train/n01630670/n01630670_875.JPEG" width="160" height="120">
    <tag label="n01630670" source="file">
    </tag>
  </image>
  <image id="27" name="train/n01631663/n01631663_8258.JPEG" width="160" height="128">
    <tag label="n01631663" source="file">
    </tag>
  </image>
  <image id="28" name="train/n01632458/n01632458_188.JPEG" width="160" height="106">
    <tag label="n01632458" source="file">
    </tag>
  </image>
  <image id="29" name="train/n01632777/n01632777_16784.JPEG" width="160" height="108">
    <tag label="n01632777" source="file">
    </tag>
  </image>
  <image id="30" name="train/n01641577/n01641577_106.JPEG" width="160" height="120">
    <tag label="n01641577" source="file">
    </tag>
  </image>
  <image id="31" name="train/n01644373/n01644373_14378.JPEG" width="160" height="120">
    <tag label="n01644373" source="file">
    </tag>
  </image>
  <image id="32" name="train/n01644900/n01644900_9271.JPEG" width="160" height="121">
    <tag label="n01644900" source="file">
    </tag>
  </image>
  <image id="33" name="train/n01664065/n01664065_18779.JPEG" width="160" height="106">
    <tag label="n01664065" source="file">
    </tag>
  </image>
  <image id="34" name="train/n01665541/n01665541_24472.JPEG" width="106" height="160">
    <tag label="n01665541" source="file">
    </tag>
  </image>
  <image id="35" name="train/n01667114/n01667114_199.JPEG" width="160" height="120">
    <tag label="n01667114" source="file">
    </tag>
  </image>
  <image id="36" name="train/n01667778/n01667778_5854.JPEG" width="160" height="120">
    <tag label="n01667778" source="file">
    </tag>
  </image>
  <image id="37" name="train/n01669191/n01669191_9140.JPEG" width="160" height="120">
    <tag label="n01669191" source="file">
    </tag>
  </image>
  <image id="38" name="train/n01675722/n01675722_1331.JPEG" width="160" height="106">
    <tag label="n01675722" source="file">
    </tag>
  </image>
  <image id="39" name="train/n01677366/n01677366_2917.JPEG" width="160" height="151">
    <tag label="n01677366" source="file">
    </tag>
  </image>
  <image id="40" name="train/n01682714/n01682714_18219.JPEG" width="106" height="160">
    <tag label="n01682714" source="file">
    </tag>
  </image>
  <image id="41" name="train/n01685808/n01685808_6759.JPEG" width="160" height="122">
    <tag label="n01685808" source="file">
    </tag>
  </image>
  <image id="42" name="train/n01687978/n01687978_5007.JPEG" width="107" height="160">
    <tag label="n01687978" source="file">
    </tag>
  </image>
  <image id="43" name="train/n01688243/n01688243_4162.JPEG" width="160" height="120">
    <tag label="n01688243" source="file">
    </tag>
  </image>
  <image id="44" name="train/n01689811/n01689811_11686.JPEG" width="160" height="106">
    <tag label="n01689811" source="file">
    </tag>
  </image>
  <image id="45" name="train/n01692333/n01692333_6710.JPEG" width="160" height="94">
    <tag label="n01692333" source="file">
    </tag>
  </image>
  <image id="46" name="train/n01693334/n01693334_15838.JPEG" width="106" height="160">
    <tag label="n01693334" source="file">
    </tag>
  </image>
  <image id="47" name="train/n01694178/n01694178_3682.JPEG" width="160" height="120">
    <tag label="n01694178" source="file">
    </tag>
  </image>
  <image id="48" name="train/n01695060/n01695060_10938.JPEG" width="160" height="120">
    <tag label="n01695060" source="file">
    </tag>
  </image>
  <image id="49" name="train/n01697457/n01697457_85.JPEG" width="160" height="106">
    <tag label="n01697457" source="file">
    </tag>
  </image>
  <image id="50" name="train/n01698640/n01698640_10594.JPEG" width="160" height="106">
    <tag label="n01698640" source="file">
    </tag>
  </image>
  <image id="51" name="train/n01704323/n01704323_4727.JPEG" width="120" height="160">
    <tag label="n01704323" source="file">
    </tag>
  </image>
  <image id="52" name="train/n01728572/n01728572_1276.JPEG" width="160" height="105">
    <tag label="n01728572" source="file">
    </tag>
  </image>
  <image id="53" name="train/n01728920/n01728920_4027.JPEG" width="160" height="106">
    <tag label="n01728920" source="file">
    </tag>
  </image>
  <image id="54" name="train/n01729322/n01729322_19729.JPEG" width="160" height="120">
    <tag label="n01729322" source="file">
    </tag>
  </image>
  <image id="55" name="train/n01729977/n01729977_1834.JPEG" width="160" height="120">
    <tag label="n01729977" source="file">
    </tag>
  </image>
  <image id="56" name="train/n01734418/n01734418_6148.JPEG" width="160" height="120">
    <tag label="n01734418" source="file">
    </tag>
  </image>
  <image id="57" name="train/n01735189/n01735189_10109.JPEG" width="160" height="106">
    <tag label="n01735189" source="file">
    </tag>
  </image>
  <image id="58" name="train/n01737021/n01737021_5911.JPEG" width="160" height="106">
    <tag label="n01737021" source="file">
    </tag>
  </image>
  <image id="59" name="train/n01739381/n01739381_236.JPEG" width="160" height="120">
    <tag label="n01739381" source="file">
    </tag>
  </image>
  <image id="60" name="train/n01740131/n01740131_12072.JPEG" width="160" height="107">
    <tag label="n01740131" source="file">
    </tag>
  </image>
  <image id="61" name="train/n01742172/n01742172_19588.JPEG" width="160" height="120">
    <tag label="n01742172" source="file">
    </tag>
  </image>
  <image id="62" name="train/n01744401/n01744401_10992.JPEG" width="159" height="93">
    <tag label="n01744401" source="file">
    </tag>
  </image>
  <image id="63" name="train/n01748264/n01748264_8190.JPEG" width="160" height="115">
    <tag label="n01748264" source="file">
    </tag>
  </image>
  <image id="64" name="train/n01749939/n01749939_5764.JPEG" width="160" height="120">
    <tag label="n01749939" source="file">
    </tag>
  </image>
  <image id="65" name="train/n01751748/n01751748_6623.JPEG" width="160" height="68">
    <tag label="n01751748" source="file">
    </tag>
  </image>
  <image id="66" name="train/n01753488/n01753488_2128.JPEG" width="160" height="107">
    <tag label="n01753488" source="file">
    </tag>
  </image>
  <image id="67" name="train/n01755581/n01755581_2191.JPEG" width="160" height="95">
    <tag label="n01755581" source="file">
    </tag>
  </image>
  <image id="68" name="train/n01756291/n01756291_5695.JPEG" width="160" height="120">
    <tag label="n01756291" source="file">
    </tag>
  </image>
  <image id="69" name="train/n01768244/n01768244_7057.JPEG" width="111" height="160">
    <tag label="n01768244" source="file">
    </tag>
  </image>
  <image id="70" name="train/n01770081/n01770081_12147.JPEG" width="160" height="120">
    <tag label="n01770081" source="file">
    </tag>
  </image>
  <image id="71" name="train/n01770393/n01770393_8396.JPEG" width="160" height="120">
    <tag label="n01770393" source="file">
    </tag>
  </image>
  <image id="72" name="train/n01773157/n01773157_6158.JPEG" width="160" height="120">
    <tag label="n01773157" source="file">
    </tag>
  </image>
  <image id="73" name="train/n01773549/n01773549_5439.JPEG" width="106" height="160">
    <tag label="n01773549" source="file">
    </tag>
  </image>
  <image id="74" name="train/n01773797/n01773797_970.JPEG" width="160" height="120">
    <tag label="n01773797" source="file">
    </tag>
  </image>
  <image id="75" name="train/n01774384/n01774384_5771.JPEG" width="106" height="160">
    <tag label="n01774384" source="file">
    </tag>
  </image>
  <image id="76" name="train/n01774750/n01774750_2225.JPEG" width="143" height="160">
    <tag label="n01774750" source="file">
    </tag>
  </image>
  <image id="77" name="train/n01775062/n01775062_10278.JPEG" width="160" height="124">
    <tag label="n01775062" source="file">
    </tag>
  </image>
  <image id="78" name="train/n01776313/n01776313_36544.JPEG" width="160" height="121">
    <tag label="n01776313" source="file">
    </tag>
  </image>
  <image id="79" name="train/n01784675/n01784675_2683.JPEG" width="160" height="107">
    <tag label="n01784675" source="file">
    </tag>
  </image>
  <image id="80" name="train/n01795545/n01795545_14540.JPEG" width="160" height="104">
    <tag label="n01795545" source="file">
    </tag>
  </image>
  <image id="81" name="train/n01796340/n01796340_15589.JPEG" width="160" height="106">
    <tag label="n01796340" source="file">
    </tag>
  </image>
  <image id="82" name="train/n01797886/n01797886_2711.JPEG" width="121" height="160">
    <tag label="n01797886" source="file">
    </tag>
  </image>
  <image id="83" name="train/n01798484/n01798484_1987.JPEG" width="160" height="106">
    <tag label="n01798484" source="file">
    </tag>
  </image>
  <image id="84" name="train/n01806143/n01806143_8710.JPEG" width="106" height="160">
    <tag label="n01806143" source="file">
    </tag>
  </image>
  <image id="85" name="train/n01806567/n01806567_4899.JPEG" width="160" height="120">
    <tag label="n01806567" source="file">
    </tag>
  </image>
  <image id="86" name="train/n01807496/n01807496_3975.JPEG" width="160" height="125">
    <tag label="n01807496" source="file">
    </tag>
  </image>
  <image id="87" name="train/n01817953/n01817953_1279.JPEG" width="160" height="120">
    <tag label="n01817953" source="file">
    </tag>
  </image>
  <image id="88" name="train/n01818515/n01818515_6524.JPEG" width="160" height="120">
    <tag label="n01818515" source="file">
    </tag>
  </image>
  <image id="89" name="train/n01819313/n01819313_4403.JPEG" width="160" height="120">
    <tag label="n01819313" source="file">
    </tag>
  </image>
  <image id="90" name="train/n01820546/n01820546_12951.JPEG" width="160" height="117">
    <tag label="n01820546" source="file">
    </tag>
  </image>
  <image id="91" name="train/n01824575/n01824575_5112.JPEG" width="153" height="160">
    <tag label="n01824575" source="file">
    </tag>
  </image>
  <image id="92" name="train/n01828970/n01828970_29985.JPEG" width="160" height="120">
    <tag label="n01828970" source="file">
    </tag>
  </image>
  <image id="93" name="train/n01829413/n01829413_2285.JPEG" width="107" height="160">
    <tag label="n01829413" source="file">
    </tag>
  </image>
  <image id="94" name="train/n01833805/n01833805_9027.JPEG" width="160" height="120">
    <tag label="n01833805" source="file">
    </tag>
  </image>
  <image id="95" name="train/n01843065/n01843065_219.JPEG" width="117" height="160">
    <tag label="n01843065" source="file">
    </tag>
  </image>
  <image id="96" name="train/n01843383/n01843383_5457.JPEG" width="160" height="106">
    <tag label="n01843383" source="file">
    </tag>
  </image>
  <image id="97" name="train/n01847000/n01847000_6346.JPEG" width="160" height="119">
    <tag label="n01847000" source="file">
    </tag>
  </image>
  <image id="98" name="train/n01855032/n01855032_7185.JPEG" width="160" height="111">
    <tag label="n01855032" source="file">
    </tag>
  </image>
  <image id="99" name="train/n01855672/n01855672_15977.JPEG" width="160" height="114">
    <tag label="n01855672" source="file">
    </tag>
  </image>
  <image id="100" name="val/n01440764/ILSVRC2012_val_00041939.JPEG" width="120" height="160">
    <tag label="n01440764" source="file">
    </tag>
  </image>
  <image id="101" name="val/n01443537/ILSVRC2012_val_00002241.JPEG" width="160" height="120">
    <tag label="n01443537" source="file">
    </tag>
  </image>
  <image id="102" name="val/n01484850/ILSVRC2012_val_00044052.JPEG" width="137" height="160">
    <tag label="n01484850" source="file">
    </tag>
  </image>
  <image id="103" name="val/n01491361/ILSVRC2012_val_00030926.JPEG" width="160" height="106">
    <tag label="n01491361" source="file">
    </tag>
  </image>
  <image id="104" name="val/n01494475/ILSVRC2012_val_00021325.JPEG" width="160" height="120">
    <tag label="n01494475" source="file">
    </tag>
  </image>
  <image id="105" name="val/n01496331/ILSVRC2012_val_00042751.JPEG" width="160" height="94">
    <tag label="n01496331" source="file">
    </tag>
  </image>
  <image id="106" name="val/n01498041/ILSVRC2012_val_00006402.JPEG" width="160" height="110">
    <tag label="n01498041" source="file">
    </tag>
  </image>
  <image id="107" name="val/n01514668/ILSVRC2012_val_00003606.JPEG" width="160" height="120">
    <tag label="n01514668" source="file">
    </tag>
  </image>
  <image id="108" name="val/n01514859/ILSVRC2012_val_00021430.JPEG" width="160" height="120">
    <tag label="n01514859" source="file">
    </tag>
  </image>
  <image id="109" name="val/n01518878/ILSVRC2012_val_00017839.JPEG" width="130" height="160">
    <tag label="n01518878" source="file">
    </tag>
  </image>
  <image id="110" name="val/n01530575/ILSVRC2012_val_00037116.JPEG" width="160" height="128">
    <tag label="n01530575" source="file">
    </tag>
  </image>
  <image id="111" name="val/n01531178/ILSVRC2012_val_00016538.JPEG" width="160" height="127">
    <tag label="n01531178" source="file">
    </tag>
  </image>
  <image id="112" name="val/n01532829/ILSVRC2012_val_00013367.JPEG" width="146" height="160">
    <tag label="n01532829" source="file">
    </tag>
  </image>
  <image id="113" name="val/n01534433/ILSVRC2012_val_00036008.JPEG" width="160" height="152">
    <tag label="n01534433" source="file">
    </tag>
  </image>
  <image id="114" name="val/n01537544/ILSVRC2012_val_00025428.JPEG" width="153" height="160">
    <tag label="n01537544" source="file">
    </tag>
  </image>
  <image id="115" name="val/n01558993/ILSVRC2012_val_00028607.JPEG" width="160" height="128">
    <tag label="n01558993" source="file">
    </tag>
  </image>
  <image id="116" name="val/n01560419/ILSVRC2012_val_00002052.JPEG" width="160" height="128">
    <tag label="n01560419" source="file">
    </tag>
  </image>
  <image id="117" name="val/n01580077/ILSVRC2012_val_00006851.JPEG" width="160" height="128">
    <tag label="n01580077" source="file">
    </tag>
  </image>
  <image id="118" name="val/n01582220/ILSVRC2012_val_00037806.JPEG" width="160" height="160">
    <tag label="n01582220" source="file">
    </tag>
  </image>
  <image id="119" name="val/n01592084/ILSVRC2012_val_00029441.JPEG" width="160" height="131">
    <tag label="n01592084" source="file">
    </tag>
  </image>
  <image id="120" name="val/n01601694/ILSVRC2012_val_00020349.JPEG" width="160" height="122">
    <tag label="n01601694" source="file">
    </tag>
  </image>
  <image id="121" name="val/n01608432/ILSVRC2012_val_00045746.JPEG" width="136" height="160">
    <tag label="n01608432" source="file">
    </tag>
  </image>
  <image id="122" name="val/n01614925/ILSVRC2012_val_00027196.JPEG" width="160" height="128">
    <tag label="n01614925" source="file">
    </tag>
  </image>
  <image id="123" name="val/n01616318/ILSVRC2012_val_00001391.JPEG" width="160" height="120">
    <tag label="n01616318" source="file">
    </tag>
  </image>
  <image id="124" name="val/n01622779/ILSVRC2012_val_00006916.JPEG" width="159" height="160">
    <tag label="n01622779" source="file">
    </tag>
  </image>
  <image id="125" name="val/n01629819/ILSVRC2012_val_00029763.JPEG" width="160" height="120">
    <tag label="n01629819" source="file">
    </tag>
  </image>
  <image id="126" name="val/n01630670/ILSVRC2012_val_00015274.JPEG" width="160" height="106">
    <tag label="n01630670" source="file">
    </tag>
  </image>
  <image id="127" name="val/n01631663/ILSVRC2012_val_00046289.JPEG" width="160" height="128">
    <tag label="n01631663" source="file">
    </tag>
  </image>
  <image id="128" name="val/n01632458/ILSVRC2012_val_00007050.JPEG" width="160" height="128">
    <tag label="n01632458" source="file">
    </tag>
  </image>
  <image id="129" name="val/n01632777/ILSVRC2012_val_00035529.JPEG" width="120" height="160">
    <tag label="n01632777" source="file">
    </tag>
  </image>
  <image id="130" name="val/n01641577/ILSVRC2012_val_00018339.JPEG" width="160" height="144">
    <tag label="n01641577" source="file">
    </tag>
  </image>
  <image id="131" name="val/n01644373/ILSVRC2012_val_00031598.JPEG" width="160" height="106">
    <tag label="n01644373" source="file">
    </tag>
  </image>
  <image id="132" name="val/n01644900/ILSVRC2012_val_00028673.JPEG" width="160" height="106">
    <tag label="n01644900" source="file">
    </tag>
  </image>
  <image id="133" name="val/n01664065/ILSVRC2012_val_00031389.JPEG" width="160" height="120">
    <tag label="n01664065" source="file">
    </tag>
  </image>
  <image id="134" name="val/n01665541/ILSVRC2012_val_00005919.JPEG" width="160" height="120">
    <tag label="n01665541" source="file">
    </tag>
  </image>
  <image id="135" name="val/n01667114/ILSVRC2012_val_00046803.JPEG" width="120" height="160">
    <tag label="n01667114" source="file">
    </tag>
  </image>
  <image id="136" name="val/n01667778/ILSVRC2012_val_00010792.JPEG" width="160" height="119">
    <tag label="n01667778" source="file">
    </tag>
  </image>
  <image id="137" name="val/n01669191/ILSVRC2012_val_00027858.JPEG" width="160" height="120">
    <tag label="n01669191" source="file">
    </tag>
  </image>
  <image id="138" name="val/n01675722/ILSVRC2012_val_00012267.JPEG" width="160" height="106">
    <tag label="n01675722" source="file">
    </tag>
  </image>
  <image id="139" name="val/n01677366/ILSVRC2012_val_00028198.JPEG" width="160" height="110">
    <tag label="n01677366" source="file">
    </tag>
  </image>
  <image id="140" name="val/n01682714/ILSVRC2012_val_00012853.JPEG" width="154" height="160">
    <tag label="n01682714" source="file">
    </tag>
  </image>
  <image id="141" name="val/n01685808/ILSVRC2012_val_00042602.JPEG" width="160" height="106">
    <tag label="n01685808" source="file">
    </tag>
  </image>
  <image id="142" name="val/n01687978/ILSVRC2012_val_00049072.JPEG" width="160" height="99">
    <tag label="n01687978" source="file">
    </tag>
  </image>
  <image id="143" name="val/n01688243/ILSVRC2012_val_00047224.JPEG" width="120" height="160">
    <tag label="n01688243" source="file">
    </tag>
  </image>
  <image id="144" name="val/n01689811/ILSVRC2012_val_00010911.JPEG" width="160" height="121">
    <tag label="n01689811" source="file">
    </tag>
  </image>
  <image id="145" name="val/n01692333/ILSVRC2012_val_00006927.JPEG" width="160" height="120">
    <tag label="n01692333" source="file">
    </tag>
  </image>
  <image id="146" name="val/n01693334/ILSVRC2012_val_00047010.JPEG" width="160" height="120">
    <tag label="n01693334" source="file">
    </tag>
  </image>
  <image id="147" name="val/n01694178/ILSVRC2012_val_00017254.JPEG" width="160" height="106">
    <tag label="n01694178" source="file">
    </tag>
  </image>
  <image id="148" name="val/n01695060/ILSVRC2012_val_00049602.JPEG" width="160" height="120">
    <tag label="n01695060" source="file">
    </tag>
  </image>
  <image id="149" name="val/n01697457/ILSVRC2012_val_00030026.JPEG" width="160" height="112">
    <tag label="n01697457" source="file">
    </tag>
  </image>
  <image id="150" name="val/n01698640/ILSVRC2012_val_00007238.JPEG" width="120" height="160">
    <tag label="n01698640" source="file">
    </tag>
  </image>
  <image id="151" name="val/n01704323/ILSVRC2012_val_00017962.JPEG" width="120" height="160">
    <tag label="n01704323" source="file">
    </tag>
  </image>
  <image id="152" name="val/n01728572/ILSVRC2012_val_00049017.JPEG" width="160" height="120">
    <tag label="n01728572" source="file">
    </tag>
  </image>
  <image id="153" name="val/n01728920/ILSVRC2012_val_00041669.JPEG" width="160" height="120">
    <tag label="n01728920" source="file">
    </tag>
  </image>
  <image id="154" name="val/n01729322/ILSVRC2012_val_00018453.JPEG" width="128" height="160">
    <tag label="n01729322" source="file">
    </tag>
  </image>
  <image id="155" name="val/n01729977/ILSVRC2012_val_00009979.JPEG" width="160" height="120">
    <tag label="n01729977" source="file">
    </tag>
  </image>
  <image id="156" name="val/n01734418/ILSVRC2012_val_00022482.JPEG" width="160" height="128">
    <tag label="n01734418" source="file">
    </tag>
  </image>
  <image id="157" name="val/n01735189/ILSVRC2012_val_00014330.JPEG" width="160" height="120">
    <tag label="n01735189" source="file">
    </tag>
  </image>
  <image id="158" name="val/n01737021/ILSVRC2012_val_00047243.JPEG" width="160" height="124">
    <tag label="n01737021" source="file">
    </tag>
  </image>
  <image id="159" name="val/n01739381/ILSVRC2012_val_00034919.JPEG" width="160" height="120">
    <tag label="n01739381" source="file">
    </tag>
  </image>
  <image id="160" name="val/n01740131/ILSVRC2012_val_00039196.JPEG" width="119" height="160">
    <tag label="n01740131" source="file">
    </tag>
  </image>
  <image id="161" name="val/n01742172/ILSVRC2012_val_00035425.JPEG" width="160" height="136">
    <tag label="n01742172" source="file">
    </tag>
  </image>
  <image id="162" name="val/n01744401/ILSVRC2012_val_00013965.JPEG" width="160" height="120">
    <tag label="n01744401" source="file">
    </tag>
  </image>
  <image id="163" name="val/n01748264/ILSVRC2012_val_00045953.JPEG" width="160" height="112">
    <tag label="n01748264" source="file">
    </tag>
  </image>
  <image id="164" name="val/n01749939/ILSVRC2012_val_00009059.JPEG" width="160" height="106">
    <tag label="n01749939" source="file">
    </tag>
  </image>
  <image id="165" name="val/n01751748/ILSVRC2012_val_00019204.JPEG" width="160" height="120">
    <tag label="n01751748" source="file">
    </tag>
  </image>
  <image id="166" name="val/n01753488/ILSVRC2012_val_00043563.JPEG" width="160" height="106">
    <tag label="n01753488" source="file">
    </tag>
  </image>
  <image id="167" name="val/n01755581/ILSVRC2012_val_00038859.JPEG" width="160" height="120">
    <tag label="n01755581" source="file">
    </tag>
  </image>
  <image id="168" name="val/n01756291/ILSVRC2012_val_00040445.JPEG" width="160" height="120">
    <tag label="n01756291" source="file">
    </tag>
  </image>
  <image id="169" name="val/n01768244/ILSVRC2012_val_00000299.JPEG" width="160" height="106">
    <tag label="n01768244" source="file">
    </tag>
  </image>
  <image id="170" name="val/n01770081/ILSVRC2012_val_00029801.JPEG" width="160" height="120">
    <tag label="n01770081" source="file">
    </tag>
  </image>
  <image id="171" name="val/n01770393/ILSVRC2012_val_00020507.JPEG" width="160" height="120">
    <tag label="n01770393" source="file">
    </tag>
  </image>
  <image id="172" name="val/n01773157/ILSVRC2012_val_00020726.JPEG" width="160" height="160">
    <tag label="n01773157" source="file">
    </tag>
  </image>
  <image id="173" name="val/n01773549/ILSVRC2012_val_00008352.JPEG" width="160" height="110">
    <tag label="n01773549" source="file">
    </tag>
  </image>
  <image id="174" name="val/n01773797/ILSVRC2012_val_00015795.JPEG" width="160" height="120">
    <tag label="n01773797" source="file">
    </tag>
  </image>
  <image id="175" name="val/n01774384/ILSVRC2012_val_00004163.JPEG" width="160" height="103">
    <tag label="n01774384" source="file">
    </tag>
  </image>
  <image id="176" name="val/n01774750/ILSVRC2012_val_00036506.JPEG" width="129" height="160">
    <tag label="n01774750" source="file">
    </tag>
  </image>
  <image id="177" name="val/n01775062/ILSVRC2012_val_00026346.JPEG" width="160" height="112">
    <tag label="n01775062" source="file">
    </tag>
  </image>
  <image id="178" name="val/n01776313/ILSVRC2012_val_00031374.JPEG" width="160" height="97">
    <tag label="n01776313" source="file">
    </tag>
  </image>
  <image id="179" name="val/n01784675/ILSVRC2012_val_00039704.JPEG" width="160" height="133">
    <tag label="n01784675" source="file">
    </tag>
  </image>
  <image id="180" name="val/n01795545/ILSVRC2012_val_00007126.JPEG" width="160" height="108">
    <tag label="n01795545" source="file">
    </tag>
  </image>
  <image id="181" name="val/n01796340/ILSVRC2012_val_00037119.JPEG" width="160" height="120">
    <tag label="n01796340" source="file">
    </tag>
  </image>
  <image id="182" name="val/n01797886/ILSVRC2012_val_00026924.JPEG" width="147" height="160">
    <tag label="n01797886" source="file">
    </tag>
  </image>
  <image id="183" name="val/n01798484/ILSVRC2012_val_00036132.JPEG" width="160" height="120">
    <tag label="n01798484" source="file">
    </tag>
  </image>
  <image id="184" name="val/n01806143/ILSVRC2012_val_00038324.JPEG" width="160" height="160">
    <tag label="n01806143" source="file">
    </tag>
  </image>
  <image id="185" name="val/n01806567/ILSVRC2012_val_00047472.JPEG" width="160" height="137">
    <tag label="n01806567" source="file">
    </tag>
  </image>
  <image id="186" name="val/n01807496/ILSVRC2012_val_00038023.JPEG" width="160" height="123">
    <tag label="n01807496" source="file">
    </tag>
  </image>
  <image id="187" name="val/n01817953/ILSVRC2012_val_00007591.JPEG" width="142" height="160">
    <tag label="n01817953" source="file">
    </tag>
  </image>
  <image id="188" name="val/n01818515/ILSVRC2012_val_00036879.JPEG" width="160" height="159">
    <tag label="n01818515" source="file">
    </tag>
  </image>
  <image id="189" name="val/n01819313/ILSVRC2012_val_00036835.JPEG" width="128" height="160">
    <tag label="n01819313" source="file">
    </tag>
  </image>
  <image id="190" name="val/n01820546/ILSVRC2012_val_00045007.JPEG" width="144" height="160">
    <tag label="n01820546" source="file">
    </tag>
  </image>
  <image id="191" name="val/n01824575/ILSVRC2012_val_00001142.JPEG" width="160" height="140">
    <tag label="n01824575" source="file">
    </tag>
  </image>
  <image id="192" name="val/n01828970/ILSVRC2012_val_00034631.JPEG" width="142" height="160">
    <tag label="n01828970" source="file">
    </tag>
  </image>
  <image id="193" name="val/n01829413/ILSVRC2012_val_00041697.JPEG" width="160" height="160">
    <tag label="n01829413" source="file">
    </tag>
  </image>
  <image id="194" name="val/n01833805/ILSVRC2012_val_00002974.JPEG" width="160" height="136">
    <tag label="n01833805" source="file">
    </tag>
  </image>
  <image id="195" name="val/n01843065/ILSVRC2012_val_00044268.JPEG" width="160" height="133">
    <tag label="n01843065" source="file">
    </tag>
  </image>
  <image id="196" name="val/n01843383/ILSVRC2012_val_00018780.JPEG" width="160" height="144">
    <tag label="n01843383" source="file">
    </tag>
  </image>
  <image id="197" name="val/n01847000/ILSVRC2012_val_00027434.JPEG" width="160" height="123">
    <tag label="n01847000" source="file">
    </tag>
  </image>
  <image id="198" name="val/n01855032/ILSVRC2012_val_00021341.JPEG" width="160" height="120">
    <tag label="n01855032" source="file">
    </tag>
  </image>
  <image id="199" name="val/n01855672/ILSVRC2012_val_00006626.JPEG" width="120" height="160">
    <tag label="n01855672" source="file">
    </tag>
  </image>
</annotations>
