{
    "objects": [
        {
            "id": 44,
            "class_id": 2,
            "class_name": "number",
            "annotation_type": "box",
            "annotation": {
                "coord": {
                    "x": 72,
                    "y": 245,
                    "width": 44,
                    "height": 44
                },
                "meta": {
                    "z_index": 0,
                    "visible": true,
                    "alpha": 1,
                    "color": "#424C13"
                }
            },
            "properties": [
                {
                    "type": "checkbox",
                    "property_id": 2,
                    "property_name": "number_Type",
                    "option_names": [
                        "2"
                    ]
                }
            ]
        }
    ]
}