[
    [
        {
            "tag": "epoch",
            "value": 0.0
        },
        {
            "tag": "train/box_loss",
            "value": 1.5431
        },
        {
            "tag": "train/cls_loss",
            "value": 4.0611
        },
        {
            "tag": "train/dfl_loss",
            "value": 1.0418
        },
        {
            "tag": "metrics/precision(B)",
            "value": 0.00376
        },
        {
            "tag": "metrics/recall(B)",
            "value": 1.0
        },
        {
            "tag": "metrics/mAP50(B)",
            "value": 0.03372
        },
        {
            "tag": "metrics/mAP50-95(B)",
            "value": 0.01804
        },
        {
            "tag": "val/box_loss",
            "value": 0.54039
        },
        {
            "tag": "val/cls_loss",
            "value": 3.6519
        },
        {
            "tag": "val/dfl_loss",
            "value": 0.81003
        },
        {
            "tag": "lr/pg0",
            "value": 0.0982
        },
        {
            "tag": "lr/pg1",
            "value": 0.0002
        },
        {
            "tag": "lr/pg2",
            "value": 0.0002
        }
    ],
    [
        {
            "tag": "epoch",
            "value": 1.0
        },
        {
            "tag": "train/box_loss",
            "value": 1.5333
        },
        {
            "tag": "train/cls_loss",
            "value": 3.9738
        },
        {
            "tag": "train/dfl_loss",
            "value": 0.99673
        },
        {
            "tag": "metrics/precision(B)",
            "value": 0.0038
        },
        {
            "tag": "metrics/recall(B)",
            "value": 1.0
        },
        {
            "tag": "metrics/mAP50(B)",
            "value": 0.01712
        },
        {
            "tag": "metrics/mAP50-95(B)",
            "value": 0.01042
        },
        {
            "tag": "val/box_loss",
            "value": 0.55962
        },
        {
            "tag": "val/cls_loss",
            "value": 3.6598
        },
        {
            "tag": "val/dfl_loss",
            "value": 0.80736
        },
        {
            "tag": "lr/pg0",
            "value": 0.095483
        },
        {
            "tag": "lr/pg1",
            "value": 0.0004835
        },
        {
            "tag": "lr/pg2",
            "value": 0.0004835
        }
    ],
    [
        {
            "tag": "epoch",
            "value": 2.0
        },
        {
            "tag": "train/box_loss",
            "value": 1.4966
        },
        {
            "tag": "train/cls_loss",
            "value": 3.8574
        },
        {
            "tag": "train/dfl_loss",
            "value": 1.0115
        },
        {
            "tag": "metrics/precision(B)",
            "value": 0.00381
        },
        {
            "tag": "metrics/recall(B)",
            "value": 1.0
        },
        {
            "tag": "metrics/mAP50(B)",
            "value": 0.0128
        },
        {
            "tag": "metrics/mAP50-95(B)",
            "value": 0.00855
        },
        {
            "tag": "val/box_loss",
            "value": 0.55718
        },
        {
            "tag": "val/cls_loss",
            "value": 3.6477
        },
        {
            "tag": "val/dfl_loss",
            "value": 0.8074
        },
        {
            "tag": "lr/pg0",
            "value": 0.092747
        },
        {
            "tag": "lr/pg1",
            "value": 0.0007472
        },
        {
            "tag": "lr/pg2",
            "value": 0.0007472
        }
    ],
    [
        {
            "tag": "epoch",
            "value": 3.0
        },
        {
            "tag": "train/box_loss",
            "value": 1.3802
        },
        {
            "tag": "train/cls_loss",
            "value": 3.851
        },
        {
            "tag": "train/dfl_loss",
            "value": 0.99012
        },
        {
            "tag": "metrics/precision(B)",
            "value": 0.00398
        },
        {
            "tag": "metrics/recall(B)",
            "value": 1.0
        },
        {
            "tag": "metrics/mAP50(B)",
            "value": 0.01282
        },
        {
            "tag": "metrics/mAP50-95(B)",
            "value": 0.00882
        },
        {
            "tag": "val/box_loss",
            "value": 0.56868
        },
        {
            "tag": "val/cls_loss",
            "value": 3.641
        },
        {
            "tag": "val/dfl_loss",
            "value": 0.80256
        },
        {
            "tag": "lr/pg0",
            "value": 0.089991
        },
        {
            "tag": "lr/pg1",
            "value": 0.0009911
        },
        {
            "tag": "lr/pg2",
            "value": 0.0009911
        }
    ],
    [
        {
            "tag": "epoch",
            "value": 4.0
        },
        {
            "tag": "train/box_loss",
            "value": 1.4573
        },
        {
            "tag": "train/cls_loss",
            "value": 3.8593
        },
        {
            "tag": "train/dfl_loss",
            "value": 1.0057
        },
        {
            "tag": "metrics/precision(B)",
            "value": 0.00393
        },
        {
            "tag": "metrics/recall(B)",
            "value": 1.0
        },
        {
            "tag": "metrics/mAP50(B)",
            "value": 0.01164
        },
        {
            "tag": "metrics/mAP50-95(B)",
            "value": 0.00833
        },
        {
            "tag": "val/box_loss",
            "value": 0.67818
        },
        {
            "tag": "val/cls_loss",
            "value": 3.6425
        },
        {
            "tag": "val/dfl_loss",
            "value": 0.80751
        },
        {
            "tag": "lr/pg0",
            "value": 0.087215
        },
        {
            "tag": "lr/pg1",
            "value": 0.0012152
        },
        {
            "tag": "lr/pg2",
            "value": 0.0012152
        }
    ],
    [
        {
            "tag": "epoch",
            "value": 5.0
        },
        {
            "tag": "train/box_loss",
            "value": 1.3144
        },
        {
            "tag": "train/cls_loss",
            "value": 3.7542
        },
        {
            "tag": "train/dfl_loss",
            "value": 0.96608
        },
        {
            "tag": "metrics/precision(B)",
            "value": 0.00412
        },
        {
            "tag": "metrics/recall(B)",
            "value": 1.0
        },
        {
            "tag": "metrics/mAP50(B)",
            "value": 0.0127
        },
        {
            "tag": "metrics/mAP50-95(B)",
            "value": 0.00999
        },
        {
            "tag": "val/box_loss",
            "value": 0.77304
        },
        {
            "tag": "val/cls_loss",
            "value": 3.6463
        },
        {
            "tag": "val/dfl_loss",
            "value": 0.80486
        },
        {
            "tag": "lr/pg0",
            "value": 0.08442
        },
        {
            "tag": "lr/pg1",
            "value": 0.0014195
        },
        {
            "tag": "lr/pg2",
            "value": 0.0014195
        }
    ],
    [
        {
            "tag": "epoch",
            "value": 6.0
        },
        {
            "tag": "train/box_loss",
            "value": 1.2455
        },
        {
            "tag": "train/cls_loss",
            "value": 3.4505
        },
        {
            "tag": "train/dfl_loss",
            "value": 0.94706
        },
        {
            "tag": "metrics/precision(B)",
            "value": 0.00378
        },
        {
            "tag": "metrics/recall(B)",
            "value": 1.0
        },
        {
            "tag": "metrics/mAP50(B)",
            "value": 0.01664
        },
        {
            "tag": "metrics/mAP50-95(B)",
            "value": 0.01277
        },
        {
            "tag": "val/box_loss",
            "value": 0.66163
        },
        {
            "tag": "val/cls_loss",
            "value": 3.6329
        },
        {
            "tag": "val/dfl_loss",
            "value": 0.7963
        },
        {
            "tag": "lr/pg0",
            "value": 0.081604
        },
        {
            "tag": "lr/pg1",
            "value": 0.001604
        },
        {
            "tag": "lr/pg2",
            "value": 0.001604
        }
    ],
    [
        {
            "tag": "epoch",
            "value": 7.0
        },
        {
            "tag": "train/box_loss",
            "value": 1.0538
        },
        {
            "tag": "train/cls_loss",
            "value": 2.9316
        },
        {
            "tag": "train/dfl_loss",
            "value": 0.88316
        },
        {
            "tag": "metrics/precision(B)",
            "value": 0.00412
        },
        {
            "tag": "metrics/recall(B)",
            "value": 1.0
        },
        {
            "tag": "metrics/mAP50(B)",
            "value": 0.01481
        },
        {
            "tag": "metrics/mAP50-95(B)",
            "value": 0.01106
        },
        {
            "tag": "val/box_loss",
            "value": 0.54092
        },
        {
            "tag": "val/cls_loss",
            "value": 3.5667
        },
        {
            "tag": "val/dfl_loss",
            "value": 0.77321
        },
        {
            "tag": "lr/pg0",
            "value": 0.078769
        },
        {
            "tag": "lr/pg1",
            "value": 0.0017687
        },
        {
            "tag": "lr/pg2",
            "value": 0.0017687
        }
    ],
    [
        {
            "tag": "epoch",
            "value": 8.0
        },
        {
            "tag": "train/box_loss",
            "value": 1.0233
        },
        {
            "tag": "train/cls_loss",
            "value": 2.4697
        },
        {
            "tag": "train/dfl_loss",
            "value": 0.91392
        },
        {
            "tag": "metrics/precision(B)",
            "value": 0.00441
        },
        {
            "tag": "metrics/recall(B)",
            "value": 1.0
        },
        {
            "tag": "metrics/mAP50(B)",
            "value": 0.01128
        },
        {
            "tag": "metrics/mAP50-95(B)",
            "value": 0.00852
        },
        {
            "tag": "val/box_loss",
            "value": 0.53842
        },
        {
            "tag": "val/cls_loss",
            "value": 3.5241
        },
        {
            "tag": "val/dfl_loss",
            "value": 0.77297
        },
        {
            "tag": "lr/pg0",
            "value": 0.075914
        },
        {
            "tag": "lr/pg1",
            "value": 0.0019136
        },
        {
            "tag": "lr/pg2",
            "value": 0.0019136
        }
    ],
    [
        {
            "tag": "epoch",
            "value": 9.0
        },
        {
            "tag": "train/box_loss",
            "value": 0.99688
        },
        {
            "tag": "train/cls_loss",
            "value": 1.8795
        },
        {
            "tag": "train/dfl_loss",
            "value": 0.8744
        },
        {
            "tag": "metrics/precision(B)",
            "value": 0.00502
        },
        {
            "tag": "metrics/recall(B)",
            "value": 1.0
        },
        {
            "tag": "metrics/mAP50(B)",
            "value": 0.02231
        },
        {
            "tag": "metrics/mAP50-95(B)",
            "value": 0.01328
        },
        {
            "tag": "val/box_loss",
            "value": 0.6075
        },
        {
            "tag": "val/cls_loss",
            "value": 3.4023
        },
        {
            "tag": "val/dfl_loss",
            "value": 0.79194
        },
        {
            "tag": "lr/pg0",
            "value": 0.073039
        },
        {
            "tag": "lr/pg1",
            "value": 0.0020387
        },
        {
            "tag": "lr/pg2",
            "value": 0.0020387
        }
    ],
    [
        {
            "tag": "epoch",
            "value": 10.0
        },
        {
            "tag": "train/box_loss",
            "value": 1.0861
        },
        {
            "tag": "train/cls_loss",
            "value": 1.6849
        },
        {
            "tag": "train/dfl_loss",
            "value": 0.90321
        },
        {
            "tag": "metrics/precision(B)",
            "value": 0.00478
        },
        {
            "tag": "metrics/recall(B)",
            "value": 1.0
        },
        {
            "tag": "metrics/mAP50(B)",
            "value": 0.01136
        },
        {
            "tag": "metrics/mAP50-95(B)",
            "value": 0.00818
        },
        {
            "tag": "val/box_loss",
            "value": 0.61463
        },
        {
            "tag": "val/cls_loss",
            "value": 3.389
        },
        {
            "tag": "val/dfl_loss",
            "value": 0.78792
        },
        {
            "tag": "lr/pg0",
            "value": 0.070144
        },
        {
            "tag": "lr/pg1",
            "value": 0.002144
        },
        {
            "tag": "lr/pg2",
            "value": 0.002144
        }
    ],
    [
        {
            "tag": "epoch",
            "value": 11.0
        },
        {
            "tag": "train/box_loss",
            "value": 1.0408
        },
        {
            "tag": "train/cls_loss",
            "value": 1.458
        },
        {
            "tag": "train/dfl_loss",
            "value": 0.91186
        },
        {
            "tag": "metrics/precision(B)",
            "value": 0.00492
        },
        {
            "tag": "metrics/recall(B)",
            "value": 1.0
        },
        {
            "tag": "metrics/mAP50(B)",
            "value": 0.07591
        },
        {
            "tag": "metrics/mAP50-95(B)",
            "value": 0.06294
        },
        {
            "tag": "val/box_loss",
            "value": 0.7065
        },
        {
            "tag": "val/cls_loss",
            "value": 3.3264
        },
        {
            "tag": "val/dfl_loss",
            "value": 0.79964
        },
        {
            "tag": "lr/pg0",
            "value": 0.067229
        },
        {
            "tag": "lr/pg1",
            "value": 0.0022295
        },
        {
            "tag": "lr/pg2",
            "value": 0.0022295
        }
    ],
    [
        {
            "tag": "epoch",
            "value": 12.0
        },
        {
            "tag": "train/box_loss",
            "value": 0.89223
        },
        {
            "tag": "train/cls_loss",
            "value": 1.3858
        },
        {
            "tag": "train/dfl_loss",
            "value": 0.89777
        },
        {
            "tag": "metrics/precision(B)",
            "value": 0.00391
        },
        {
            "tag": "metrics/recall(B)",
            "value": 1.0
        },
        {
            "tag": "metrics/mAP50(B)",
            "value": 0.45806
        },
        {
            "tag": "metrics/mAP50-95(B)",
            "value": 0.43429
        },
        {
            "tag": "val/box_loss",
            "value": 0.62786
        },
        {
            "tag": "val/cls_loss",
            "value": 3.2816
        },
        {
            "tag": "val/dfl_loss",
            "value": 0.79772
        },
        {
            "tag": "lr/pg0",
            "value": 0.064295
        },
        {
            "tag": "lr/pg1",
            "value": 0.0022952
        },
        {
            "tag": "lr/pg2",
            "value": 0.0022952
        }
    ],
    [
        {
            "tag": "epoch",
            "value": 13.0
        },
        {
            "tag": "train/box_loss",
            "value": 0.97426
        },
        {
            "tag": "train/cls_loss",
            "value": 1.352
        },
        {
            "tag": "train/dfl_loss",
            "value": 0.91042
        },
        {
            "tag": "metrics/precision(B)",
            "value": 0.00393
        },
        {
            "tag": "metrics/recall(B)",
            "value": 1.0
        },
        {
            "tag": "metrics/mAP50(B)",
            "value": 0.43378
        },
        {
            "tag": "metrics/mAP50-95(B)",
            "value": 0.39982
        },
        {
            "tag": "val/box_loss",
            "value": 0.68876
        },
        {
            "tag": "val/cls_loss",
            "value": 3.1968
        },
        {
            "tag": "val/dfl_loss",
            "value": 0.80764
        },
        {
            "tag": "lr/pg0",
            "value": 0.061341
        },
        {
            "tag": "lr/pg1",
            "value": 0.0023411
        },
        {
            "tag": "lr/pg2",
            "value": 0.0023411
        }
    ],
    [
        {
            "tag": "epoch",
            "value": 14.0
        },
        {
            "tag": "train/box_loss",
            "value": 0.8936
        },
        {
            "tag": "train/cls_loss",
            "value": 1.2317
        },
        {
            "tag": "train/dfl_loss",
            "value": 0.86767
        },
        {
            "tag": "metrics/precision(B)",
            "value": 0.00499
        },
        {
            "tag": "metrics/recall(B)",
            "value": 1.0
        },
        {
            "tag": "metrics/mAP50(B)",
            "value": 0.42708
        },
        {
            "tag": "metrics/mAP50-95(B)",
            "value": 0.35772
        },
        {
            "tag": "val/box_loss",
            "value": 0.67716
        },
        {
            "tag": "val/cls_loss",
            "value": 3.1772
        },
        {
            "tag": "val/dfl_loss",
            "value": 0.78506
        },
        {
            "tag": "lr/pg0",
            "value": 0.058367
        },
        {
            "tag": "lr/pg1",
            "value": 0.0023672
        },
        {
            "tag": "lr/pg2",
            "value": 0.0023672
        }
    ],
    [
        {
            "tag": "epoch",
            "value": 15.0
        },
        {
            "tag": "train/box_loss",
            "value": 0.87066
        },
        {
            "tag": "train/cls_loss",
            "value": 1.1564
        },
        {
            "tag": "train/dfl_loss",
            "value": 0.9161
        },
        {
            "tag": "metrics/precision(B)",
            "value": 0.00482
        },
        {
            "tag": "metrics/recall(B)",
            "value": 1.0
        },
        {
            "tag": "metrics/mAP50(B)",
            "value": 0.62367
        },
        {
            "tag": "metrics/mAP50-95(B)",
            "value": 0.46182
        },
        {
            "tag": "val/box_loss",
            "value": 0.79458
        },
        {
            "tag": "val/cls_loss",
            "value": 3.1097
        },
        {
            "tag": "val/dfl_loss",
            "value": 0.79957
        },
        {
            "tag": "lr/pg0",
            "value": 0.055374
        },
        {
            "tag": "lr/pg1",
            "value": 0.0023735
        },
        {
            "tag": "lr/pg2",
            "value": 0.0023735
        }
    ],
    [
        {
            "tag": "epoch",
            "value": 16.0
        },
        {
            "tag": "train/box_loss",
            "value": 0.8668
        },
        {
            "tag": "train/cls_loss",
            "value": 1.1124
        },
        {
            "tag": "train/dfl_loss",
            "value": 0.90933
        },
        {
            "tag": "metrics/precision(B)",
            "value": 0.00456
        },
        {
            "tag": "metrics/recall(B)",
            "value": 1.0
        },
        {
            "tag": "metrics/mAP50(B)",
            "value": 0.60589
        },
        {
            "tag": "metrics/mAP50-95(B)",
            "value": 0.48466
        },
        {
            "tag": "val/box_loss",
            "value": 0.65578
        },
        {
            "tag": "val/cls_loss",
            "value": 3.1218
        },
        {
            "tag": "val/dfl_loss",
            "value": 0.76941
        },
        {
            "tag": "lr/pg0",
            "value": 0.05236
        },
        {
            "tag": "lr/pg1",
            "value": 0.00236
        },
        {
            "tag": "lr/pg2",
            "value": 0.00236
        }
    ],
    [
        {
            "tag": "epoch",
            "value": 17.0
        },
        {
            "tag": "train/box_loss",
            "value": 0.875
        },
        {
            "tag": "train/cls_loss",
            "value": 1.1399
        },
        {
            "tag": "train/dfl_loss",
            "value": 0.86877
        },
        {
            "tag": "metrics/precision(B)",
            "value": 0.00472
        },
        {
            "tag": "metrics/recall(B)",
            "value": 1.0
        },
        {
            "tag": "metrics/mAP50(B)",
            "value": 0.87448
        },
        {
            "tag": "metrics/mAP50-95(B)",
            "value": 0.68044
        },
        {
            "tag": "val/box_loss",
            "value": 0.60322
        },
        {
            "tag": "val/cls_loss",
            "value": 2.9624
        },
        {
            "tag": "val/dfl_loss",
            "value": 0.76193
        },
        {
            "tag": "lr/pg0",
            "value": 0.049327
        },
        {
            "tag": "lr/pg1",
            "value": 0.0023267
        },
        {
            "tag": "lr/pg2",
            "value": 0.0023267
        }
    ],
    [
        {
            "tag": "epoch",
            "value": 18.0
        },
        {
            "tag": "train/box_loss",
            "value": 0.80091
        },
        {
            "tag": "train/cls_loss",
            "value": 0.99812
        },
        {
            "tag": "train/dfl_loss",
            "value": 0.89221
        },
        {
            "tag": "metrics/precision(B)",
            "value": 0.00489
        },
        {
            "tag": "metrics/recall(B)",
            "value": 1.0
        },
        {
            "tag": "metrics/mAP50(B)",
            "value": 0.86605
        },
        {
            "tag": "metrics/mAP50-95(B)",
            "value": 0.68202
        },
        {
            "tag": "val/box_loss",
            "value": 0.61097
        },
        {
            "tag": "val/cls_loss",
            "value": 2.9045
        },
        {
            "tag": "val/dfl_loss",
            "value": 0.76957
        },
        {
            "tag": "lr/pg0",
            "value": 0.046274
        },
        {
            "tag": "lr/pg1",
            "value": 0.0022736
        },
        {
            "tag": "lr/pg2",
            "value": 0.0022736
        }
    ],
    [
        {
            "tag": "epoch",
            "value": 19.0
        },
        {
            "tag": "train/box_loss",
            "value": 0.83425
        },
        {
            "tag": "train/cls_loss",
            "value": 1.0089
        },
        {
            "tag": "train/dfl_loss",
            "value": 0.91526
        },
        {
            "tag": "metrics/precision(B)",
            "value": 0.00484
        },
        {
            "tag": "metrics/recall(B)",
            "value": 1.0
        },
        {
            "tag": "metrics/mAP50(B)",
            "value": 0.89505
        },
        {
            "tag": "metrics/mAP50-95(B)",
            "value": 0.75283
        },
        {
            "tag": "val/box_loss",
            "value": 0.58933
        },
        {
            "tag": "val/cls_loss",
            "value": 2.8245
        },
        {
            "tag": "val/dfl_loss",
            "value": 0.7708
        },
        {
            "tag": "lr/pg0",
            "value": 0.043201
        },
        {
            "tag": "lr/pg1",
            "value": 0.0022007
        },
        {
            "tag": "lr/pg2",
            "value": 0.0022007
        }
    ],
    [
        {
            "tag": "epoch",
            "value": 20.0
        },
        {
            "tag": "train/box_loss",
            "value": 0.68738
        },
        {
            "tag": "train/cls_loss",
            "value": 1.0087
        },
        {
            "tag": "train/dfl_loss",
            "value": 0.85423
        },
        {
            "tag": "metrics/precision(B)",
            "value": 0.00489
        },
        {
            "tag": "metrics/recall(B)",
            "value": 1.0
        },
        {
            "tag": "metrics/mAP50(B)",
            "value": 0.87591
        },
        {
            "tag": "metrics/mAP50-95(B)",
            "value": 0.7172
        },
        {
            "tag": "val/box_loss",
            "value": 0.66716
        },
        {
            "tag": "val/cls_loss",
            "value": 2.8015
        },
        {
            "tag": "val/dfl_loss",
            "value": 0.77725
        },
        {
            "tag": "lr/pg0",
            "value": 0.040108
        },
        {
            "tag": "lr/pg1",
            "value": 0.002108
        },
        {
            "tag": "lr/pg2",
            "value": 0.002108
        }
    ],
    [
        {
            "tag": "epoch",
            "value": 21.0
        },
        {
            "tag": "train/box_loss",
            "value": 0.64824
        },
        {
            "tag": "train/cls_loss",
            "value": 0.94532
        },
        {
            "tag": "train/dfl_loss",
            "value": 0.8519
        },
        {
            "tag": "metrics/precision(B)",
            "value": 0.87732
        },
        {
            "tag": "metrics/recall(B)",
            "value": 0.25
        },
        {
            "tag": "metrics/mAP50(B)",
            "value": 0.88346
        },
        {
            "tag": "metrics/mAP50-95(B)",
            "value": 0.73933
        },
        {
            "tag": "val/box_loss",
            "value": 0.57129
        },
        {
            "tag": "val/cls_loss",
            "value": 2.6364
        },
        {
            "tag": "val/dfl_loss",
            "value": 0.76776
        },
        {
            "tag": "lr/pg0",
            "value": 0.036996
        },
        {
            "tag": "lr/pg1",
            "value": 0.0019955
        },
        {
            "tag": "lr/pg2",
            "value": 0.0019955
        }
    ],
    [
        {
            "tag": "epoch",
            "value": 22.0
        },
        {
            "tag": "train/box_loss",
            "value": 0.67488
        },
        {
            "tag": "train/cls_loss",
            "value": 0.90163
        },
        {
            "tag": "train/dfl_loss",
            "value": 0.86013
        },
        {
            "tag": "metrics/precision(B)",
            "value": 1.0
        },
        {
            "tag": "metrics/recall(B)",
            "value": 0.40811
        },
        {
            "tag": "metrics/mAP50(B)",
            "value": 0.92731
        },
        {
            "tag": "metrics/mAP50-95(B)",
            "value": 0.78226
        },
        {
            "tag": "val/box_loss",
            "value": 0.55932
        },
        {
            "tag": "val/cls_loss",
            "value": 2.5158
        },
        {
            "tag": "val/dfl_loss",
            "value": 0.76476
        },
        {
            "tag": "lr/pg0",
            "value": 0.033863
        },
        {
            "tag": "lr/pg1",
            "value": 0.0018632
        },
        {
            "tag": "lr/pg2",
            "value": 0.0018632
        }
    ],
    [
        {
            "tag": "epoch",
            "value": 23.0
        },
        {
            "tag": "train/box_loss",
            "value": 0.65211
        },
        {
            "tag": "train/cls_loss",
            "value": 0.89812
        },
        {
            "tag": "train/dfl_loss",
            "value": 0.82257
        },
        {
            "tag": "metrics/precision(B)",
            "value": 1.0
        },
        {
            "tag": "metrics/recall(B)",
            "value": 0.37247
        },
        {
            "tag": "metrics/mAP50(B)",
            "value": 0.91682
        },
        {
            "tag": "metrics/mAP50-95(B)",
            "value": 0.79118
        },
        {
            "tag": "val/box_loss",
            "value": 0.51813
        },
        {
            "tag": "val/cls_loss",
            "value": 2.43
        },
        {
            "tag": "val/dfl_loss",
            "value": 0.7581
        },
        {
            "tag": "lr/pg0",
            "value": 0.030711
        },
        {
            "tag": "lr/pg1",
            "value": 0.0017111
        },
        {
            "tag": "lr/pg2",
            "value": 0.0017111
        }
    ],
    [
        {
            "tag": "epoch",
            "value": 24.0
        },
        {
            "tag": "train/box_loss",
            "value": 0.66156
        },
        {
            "tag": "train/cls_loss",
            "value": 0.8732
        },
        {
            "tag": "train/dfl_loss",
            "value": 0.82155
        },
        {
            "tag": "metrics/precision(B)",
            "value": 1.0
        },
        {
            "tag": "metrics/recall(B)",
            "value": 0.54001
        },
        {
            "tag": "metrics/mAP50(B)",
            "value": 0.91702
        },
        {
            "tag": "metrics/mAP50-95(B)",
            "value": 0.79141
        },
        {
            "tag": "val/box_loss",
            "value": 0.65165
        },
        {
            "tag": "val/cls_loss",
            "value": 2.355
        },
        {
            "tag": "val/dfl_loss",
            "value": 0.75965
        },
        {
            "tag": "lr/pg0",
            "value": 0.027539
        },
        {
            "tag": "lr/pg1",
            "value": 0.0015392
        },
        {
            "tag": "lr/pg2",
            "value": 0.0015392
        }
    ],
    [
        {
            "tag": "epoch",
            "value": 25.0
        },
        {
            "tag": "train/box_loss",
            "value": 0.647
        },
        {
            "tag": "train/cls_loss",
            "value": 0.87241
        },
        {
            "tag": "train/dfl_loss",
            "value": 0.86179
        },
        {
            "tag": "metrics/precision(B)",
            "value": 0.98958
        },
        {
            "tag": "metrics/recall(B)",
            "value": 0.60936
        },
        {
            "tag": "metrics/mAP50(B)",
            "value": 0.91683
        },
        {
            "tag": "metrics/mAP50-95(B)",
            "value": 0.83498
        },
        {
            "tag": "val/box_loss",
            "value": 0.50722
        },
        {
            "tag": "val/cls_loss",
            "value": 2.2833
        },
        {
            "tag": "val/dfl_loss",
            "value": 0.75925
        },
        {
            "tag": "lr/pg0",
            "value": 0.024347
        },
        {
            "tag": "lr/pg1",
            "value": 0.0013475
        },
        {
            "tag": "lr/pg2",
            "value": 0.0013475
        }
    ],
    [
        {
            "tag": "epoch",
            "value": 26.0
        },
        {
            "tag": "train/box_loss",
            "value": 0.55477
        },
        {
            "tag": "train/cls_loss",
            "value": 0.83304
        },
        {
            "tag": "train/dfl_loss",
            "value": 0.84222
        },
        {
            "tag": "metrics/precision(B)",
            "value": 0.95903
        },
        {
            "tag": "metrics/recall(B)",
            "value": 0.62394
        },
        {
            "tag": "metrics/mAP50(B)",
            "value": 0.91676
        },
        {
            "tag": "metrics/mAP50-95(B)",
            "value": 0.79332
        },
        {
            "tag": "val/box_loss",
            "value": 0.56883
        },
        {
            "tag": "val/cls_loss",
            "value": 2.2275
        },
        {
            "tag": "val/dfl_loss",
            "value": 0.75804
        },
        {
            "tag": "lr/pg0",
            "value": 0.021136
        },
        {
            "tag": "lr/pg1",
            "value": 0.001136
        },
        {
            "tag": "lr/pg2",
            "value": 0.001136
        }
    ],
    [
        {
            "tag": "epoch",
            "value": 27.0
        },
        {
            "tag": "train/box_loss",
            "value": 0.63768
        },
        {
            "tag": "train/cls_loss",
            "value": 0.86199
        },
        {
            "tag": "train/dfl_loss",
            "value": 0.87473
        },
        {
            "tag": "metrics/precision(B)",
            "value": 0.9325
        },
        {
            "tag": "metrics/recall(B)",
            "value": 0.65241
        },
        {
            "tag": "metrics/mAP50(B)",
            "value": 0.98357
        },
        {
            "tag": "metrics/mAP50-95(B)",
            "value": 0.82137
        },
        {
            "tag": "val/box_loss",
            "value": 0.53746
        },
        {
            "tag": "val/cls_loss",
            "value": 2.1385
        },
        {
            "tag": "val/dfl_loss",
            "value": 0.75077
        },
        {
            "tag": "lr/pg0",
            "value": 0.017905
        },
        {
            "tag": "lr/pg1",
            "value": 0.0009047
        },
        {
            "tag": "lr/pg2",
            "value": 0.0009047
        }
    ],
    [
        {
            "tag": "epoch",
            "value": 28.0
        },
        {
            "tag": "train/box_loss",
            "value": 0.5674
        },
        {
            "tag": "train/cls_loss",
            "value": 0.86599
        },
        {
            "tag": "train/dfl_loss",
            "value": 0.84328
        },
        {
            "tag": "metrics/precision(B)",
            "value": 0.92212
        },
        {
            "tag": "metrics/recall(B)",
            "value": 0.73176
        },
        {
            "tag": "metrics/mAP50(B)",
            "value": 0.995
        },
        {
            "tag": "metrics/mAP50-95(B)",
            "value": 0.83901
        },
        {
            "tag": "val/box_loss",
            "value": 0.52016
        },
        {
            "tag": "val/cls_loss",
            "value": 2.0428
        },
        {
            "tag": "val/dfl_loss",
            "value": 0.74539
        },
        {
            "tag": "lr/pg0",
            "value": 0.014654
        },
        {
            "tag": "lr/pg1",
            "value": 0.0006536
        },
        {
            "tag": "lr/pg2",
            "value": 0.0006536
        }
    ],
    [
        {
            "tag": "epoch",
            "value": 29.0
        },
        {
            "tag": "train/box_loss",
            "value": 0.59315
        },
        {
            "tag": "train/cls_loss",
            "value": 0.79837
        },
        {
            "tag": "train/dfl_loss",
            "value": 0.84435
        },
        {
            "tag": "metrics/precision(B)",
            "value": 0.88465
        },
        {
            "tag": "metrics/recall(B)",
            "value": 0.8635
        },
        {
            "tag": "metrics/mAP50(B)",
            "value": 0.995
        },
        {
            "tag": "metrics/mAP50-95(B)",
            "value": 0.85637
        },
        {
            "tag": "val/box_loss",
            "value": 0.47854
        },
        {
            "tag": "val/cls_loss",
            "value": 1.9668
        },
        {
            "tag": "val/dfl_loss",
            "value": 0.74025
        },
        {
            "tag": "lr/pg0",
            "value": 0.011383
        },
        {
            "tag": "lr/pg1",
            "value": 0.0003827
        },
        {
            "tag": "lr/pg2",
            "value": 0.0003827
        }
    ]
]