[
    [
        {
            "tag": "epoch",
            "value": 0.0
        },
        {
            "tag": "train/box_loss",
            "value": 2.1043
        },
        {
            "tag": "train/cls_loss",
            "value": 4.2345
        },
        {
            "tag": "train/dfl_loss",
            "value": 1.0426
        },
        {
            "tag": "metrics/precision(B)",
            "value": 0.00552
        },
        {
            "tag": "metrics/recall(B)",
            "value": 0.75
        },
        {
            "tag": "metrics/mAP50(B)",
            "value": 0.01109
        },
        {
            "tag": "metrics/mAP50-95(B)",
            "value": 0.00608
        },
        {
            "tag": "val/box_loss",
            "value": 1.0135
        },
        {
            "tag": "val/cls_loss",
            "value": 3.8555
        },
        {
            "tag": "val/dfl_loss",
            "value": 0.82573
        },
        {
            "tag": "lr/pg0",
            "value": 0.0982
        },
        {
            "tag": "lr/pg1",
            "value": 0.0002
        },
        {
            "tag": "lr/pg2",
            "value": 0.0002
        }
    ],
    [
        {
            "tag": "epoch",
            "value": 1.0
        },
        {
            "tag": "train/box_loss",
            "value": 2.0992
        },
        {
            "tag": "train/cls_loss",
            "value": 4.2063
        },
        {
            "tag": "train/dfl_loss",
            "value": 1.0509
        },
        {
            "tag": "metrics/precision(B)",
            "value": 0.00632
        },
        {
            "tag": "metrics/recall(B)",
            "value": 0.83333
        },
        {
            "tag": "metrics/mAP50(B)",
            "value": 0.01405
        },
        {
            "tag": "metrics/mAP50-95(B)",
            "value": 0.00737
        },
        {
            "tag": "val/box_loss",
            "value": 1.0145
        },
        {
            "tag": "val/cls_loss",
            "value": 3.8527
        },
        {
            "tag": "val/dfl_loss",
            "value": 0.82628
        },
        {
            "tag": "lr/pg0",
            "value": 0.09549
        },
        {
            "tag": "lr/pg1",
            "value": 0.0004901
        },
        {
            "tag": "lr/pg2",
            "value": 0.0004901
        }
    ],
    [
        {
            "tag": "epoch",
            "value": 2.0
        },
        {
            "tag": "train/box_loss",
            "value": 2.2711
        },
        {
            "tag": "train/cls_loss",
            "value": 4.2398
        },
        {
            "tag": "train/dfl_loss",
            "value": 1.0431
        },
        {
            "tag": "metrics/precision(B)",
            "value": 0.00693
        },
        {
            "tag": "metrics/recall(B)",
            "value": 0.91667
        },
        {
            "tag": "metrics/mAP50(B)",
            "value": 0.01396
        },
        {
            "tag": "metrics/mAP50-95(B)",
            "value": 0.00714
        },
        {
            "tag": "val/box_loss",
            "value": 1.0065
        },
        {
            "tag": "val/cls_loss",
            "value": 3.8358
        },
        {
            "tag": "val/dfl_loss",
            "value": 0.825
        },
        {
            "tag": "lr/pg0",
            "value": 0.092768
        },
        {
            "tag": "lr/pg1",
            "value": 0.00076832
        },
        {
            "tag": "lr/pg2",
            "value": 0.00076832
        }
    ],
    [
        {
            "tag": "epoch",
            "value": 3.0
        },
        {
            "tag": "train/box_loss",
            "value": 1.9707
        },
        {
            "tag": "train/cls_loss",
            "value": 4.2279
        },
        {
            "tag": "train/dfl_loss",
            "value": 0.99364
        },
        {
            "tag": "metrics/precision(B)",
            "value": 0.00655
        },
        {
            "tag": "metrics/recall(B)",
            "value": 0.91667
        },
        {
            "tag": "metrics/mAP50(B)",
            "value": 0.01515
        },
        {
            "tag": "metrics/mAP50-95(B)",
            "value": 0.00715
        },
        {
            "tag": "val/box_loss",
            "value": 0.98688
        },
        {
            "tag": "val/cls_loss",
            "value": 3.8183
        },
        {
            "tag": "val/dfl_loss",
            "value": 0.82277
        },
        {
            "tag": "lr/pg0",
            "value": 0.090035
        },
        {
            "tag": "lr/pg1",
            "value": 0.0010347
        },
        {
            "tag": "lr/pg2",
            "value": 0.0010347
        }
    ],
    [
        {
            "tag": "epoch",
            "value": 4.0
        },
        {
            "tag": "train/box_loss",
            "value": 1.8344
        },
        {
            "tag": "train/cls_loss",
            "value": 4.0541
        },
        {
            "tag": "train/dfl_loss",
            "value": 0.96519
        },
        {
            "tag": "metrics/precision(B)",
            "value": 0.0074
        },
        {
            "tag": "metrics/recall(B)",
            "value": 0.91667
        },
        {
            "tag": "metrics/mAP50(B)",
            "value": 0.01261
        },
        {
            "tag": "metrics/mAP50-95(B)",
            "value": 0.00727
        },
        {
            "tag": "val/box_loss",
            "value": 1.0541
        },
        {
            "tag": "val/cls_loss",
            "value": 3.8083
        },
        {
            "tag": "val/dfl_loss",
            "value": 0.80854
        },
        {
            "tag": "lr/pg0",
            "value": 0.087289
        },
        {
            "tag": "lr/pg1",
            "value": 0.0012891
        },
        {
            "tag": "lr/pg2",
            "value": 0.0012891
        }
    ],
    [
        {
            "tag": "epoch",
            "value": 5.0
        },
        {
            "tag": "train/box_loss",
            "value": 1.5972
        },
        {
            "tag": "train/cls_loss",
            "value": 3.9476
        },
        {
            "tag": "train/dfl_loss",
            "value": 0.92366
        },
        {
            "tag": "metrics/precision(B)",
            "value": 0.00818
        },
        {
            "tag": "metrics/recall(B)",
            "value": 0.91667
        },
        {
            "tag": "metrics/mAP50(B)",
            "value": 0.01955
        },
        {
            "tag": "metrics/mAP50-95(B)",
            "value": 0.0105
        },
        {
            "tag": "val/box_loss",
            "value": 1.0002
        },
        {
            "tag": "val/cls_loss",
            "value": 3.7885
        },
        {
            "tag": "val/dfl_loss",
            "value": 0.80135
        },
        {
            "tag": "lr/pg0",
            "value": 0.084532
        },
        {
            "tag": "lr/pg1",
            "value": 0.0015317
        },
        {
            "tag": "lr/pg2",
            "value": 0.0015317
        }
    ],
    [
        {
            "tag": "epoch",
            "value": 6.0
        },
        {
            "tag": "train/box_loss",
            "value": 1.3572
        },
        {
            "tag": "train/cls_loss",
            "value": 3.557
        },
        {
            "tag": "train/dfl_loss",
            "value": 0.8945
        },
        {
            "tag": "metrics/precision(B)",
            "value": 0.00931
        },
        {
            "tag": "metrics/recall(B)",
            "value": 0.91667
        },
        {
            "tag": "metrics/mAP50(B)",
            "value": 0.03137
        },
        {
            "tag": "metrics/mAP50-95(B)",
            "value": 0.02093
        },
        {
            "tag": "val/box_loss",
            "value": 0.83459
        },
        {
            "tag": "val/cls_loss",
            "value": 3.7226
        },
        {
            "tag": "val/dfl_loss",
            "value": 0.78302
        },
        {
            "tag": "lr/pg0",
            "value": 0.081762
        },
        {
            "tag": "lr/pg1",
            "value": 0.0017624
        },
        {
            "tag": "lr/pg2",
            "value": 0.0017624
        }
    ],
    [
        {
            "tag": "epoch",
            "value": 7.0
        },
        {
            "tag": "train/box_loss",
            "value": 1.4032
        },
        {
            "tag": "train/cls_loss",
            "value": 2.8814
        },
        {
            "tag": "train/dfl_loss",
            "value": 0.90112
        },
        {
            "tag": "metrics/precision(B)",
            "value": 0.01005
        },
        {
            "tag": "metrics/recall(B)",
            "value": 0.91667
        },
        {
            "tag": "metrics/mAP50(B)",
            "value": 0.04119
        },
        {
            "tag": "metrics/mAP50-95(B)",
            "value": 0.02882
        },
        {
            "tag": "val/box_loss",
            "value": 0.86303
        },
        {
            "tag": "val/cls_loss",
            "value": 3.6252
        },
        {
            "tag": "val/dfl_loss",
            "value": 0.77882
        },
        {
            "tag": "lr/pg0",
            "value": 0.078981
        },
        {
            "tag": "lr/pg1",
            "value": 0.0019812
        },
        {
            "tag": "lr/pg2",
            "value": 0.0019812
        }
    ],
    [
        {
            "tag": "epoch",
            "value": 8.0
        },
        {
            "tag": "train/box_loss",
            "value": 1.369
        },
        {
            "tag": "train/cls_loss",
            "value": 2.4006
        },
        {
            "tag": "train/dfl_loss",
            "value": 0.88007
        },
        {
            "tag": "metrics/precision(B)",
            "value": 0.01085
        },
        {
            "tag": "metrics/recall(B)",
            "value": 0.91667
        },
        {
            "tag": "metrics/mAP50(B)",
            "value": 0.0652
        },
        {
            "tag": "metrics/mAP50-95(B)",
            "value": 0.04255
        },
        {
            "tag": "val/box_loss",
            "value": 1.2468
        },
        {
            "tag": "val/cls_loss",
            "value": 3.4643
        },
        {
            "tag": "val/dfl_loss",
            "value": 0.81441
        },
        {
            "tag": "lr/pg0",
            "value": 0.076188
        },
        {
            "tag": "lr/pg1",
            "value": 0.0021882
        },
        {
            "tag": "lr/pg2",
            "value": 0.0021882
        }
    ],
    [
        {
            "tag": "epoch",
            "value": 9.0
        },
        {
            "tag": "train/box_loss",
            "value": 1.4994
        },
        {
            "tag": "train/cls_loss",
            "value": 1.9297
        },
        {
            "tag": "train/dfl_loss",
            "value": 0.91739
        },
        {
            "tag": "metrics/precision(B)",
            "value": 0.01001
        },
        {
            "tag": "metrics/recall(B)",
            "value": 0.91667
        },
        {
            "tag": "metrics/mAP50(B)",
            "value": 0.04517
        },
        {
            "tag": "metrics/mAP50-95(B)",
            "value": 0.03419
        },
        {
            "tag": "val/box_loss",
            "value": 0.99668
        },
        {
            "tag": "val/cls_loss",
            "value": 3.3574
        },
        {
            "tag": "val/dfl_loss",
            "value": 0.79291
        },
        {
            "tag": "lr/pg0",
            "value": 0.073383
        },
        {
            "tag": "lr/pg1",
            "value": 0.0023832
        },
        {
            "tag": "lr/pg2",
            "value": 0.0023832
        }
    ],
    [
        {
            "tag": "epoch",
            "value": 10.0
        },
        {
            "tag": "train/box_loss",
            "value": 1.2281
        },
        {
            "tag": "train/cls_loss",
            "value": 1.4812
        },
        {
            "tag": "train/dfl_loss",
            "value": 0.86466
        },
        {
            "tag": "metrics/precision(B)",
            "value": 0.01081
        },
        {
            "tag": "metrics/recall(B)",
            "value": 1.0
        },
        {
            "tag": "metrics/mAP50(B)",
            "value": 0.47963
        },
        {
            "tag": "metrics/mAP50-95(B)",
            "value": 0.41114
        },
        {
            "tag": "val/box_loss",
            "value": 0.90458
        },
        {
            "tag": "val/cls_loss",
            "value": 3.1873
        },
        {
            "tag": "val/dfl_loss",
            "value": 0.80443
        },
        {
            "tag": "lr/pg0",
            "value": 0.070566
        },
        {
            "tag": "lr/pg1",
            "value": 0.0025664
        },
        {
            "tag": "lr/pg2",
            "value": 0.0025664
        }
    ],
    [
        {
            "tag": "epoch",
            "value": 11.0
        },
        {
            "tag": "train/box_loss",
            "value": 1.2591
        },
        {
            "tag": "train/cls_loss",
            "value": 1.3533
        },
        {
            "tag": "train/dfl_loss",
            "value": 0.86797
        },
        {
            "tag": "metrics/precision(B)",
            "value": 0.01161
        },
        {
            "tag": "metrics/recall(B)",
            "value": 1.0
        },
        {
            "tag": "metrics/mAP50(B)",
            "value": 0.48827
        },
        {
            "tag": "metrics/mAP50-95(B)",
            "value": 0.39686
        },
        {
            "tag": "val/box_loss",
            "value": 1.0779
        },
        {
            "tag": "val/cls_loss",
            "value": 3.1122
        },
        {
            "tag": "val/dfl_loss",
            "value": 0.83395
        },
        {
            "tag": "lr/pg0",
            "value": 0.067738
        },
        {
            "tag": "lr/pg1",
            "value": 0.0027377
        },
        {
            "tag": "lr/pg2",
            "value": 0.0027377
        }
    ],
    [
        {
            "tag": "epoch",
            "value": 12.0
        },
        {
            "tag": "train/box_loss",
            "value": 1.2946
        },
        {
            "tag": "train/cls_loss",
            "value": 1.249
        },
        {
            "tag": "train/dfl_loss",
            "value": 0.86442
        },
        {
            "tag": "metrics/precision(B)",
            "value": 0.0118
        },
        {
            "tag": "metrics/recall(B)",
            "value": 1.0
        },
        {
            "tag": "metrics/mAP50(B)",
            "value": 0.43991
        },
        {
            "tag": "metrics/mAP50-95(B)",
            "value": 0.34621
        },
        {
            "tag": "val/box_loss",
            "value": 0.96107
        },
        {
            "tag": "val/cls_loss",
            "value": 3.0596
        },
        {
            "tag": "val/dfl_loss",
            "value": 0.81951
        },
        {
            "tag": "lr/pg0",
            "value": 0.064897
        },
        {
            "tag": "lr/pg1",
            "value": 0.0028971
        },
        {
            "tag": "lr/pg2",
            "value": 0.0028971
        }
    ],
    [
        {
            "tag": "epoch",
            "value": 13.0
        },
        {
            "tag": "train/box_loss",
            "value": 1.3268
        },
        {
            "tag": "train/cls_loss",
            "value": 1.2733
        },
        {
            "tag": "train/dfl_loss",
            "value": 0.91665
        },
        {
            "tag": "metrics/precision(B)",
            "value": 0.01164
        },
        {
            "tag": "metrics/recall(B)",
            "value": 1.0
        },
        {
            "tag": "metrics/mAP50(B)",
            "value": 0.44532
        },
        {
            "tag": "metrics/mAP50-95(B)",
            "value": 0.37883
        },
        {
            "tag": "val/box_loss",
            "value": 1.0688
        },
        {
            "tag": "val/cls_loss",
            "value": 3.1315
        },
        {
            "tag": "val/dfl_loss",
            "value": 0.82182
        },
        {
            "tag": "lr/pg0",
            "value": 0.062045
        },
        {
            "tag": "lr/pg1",
            "value": 0.0030447
        },
        {
            "tag": "lr/pg2",
            "value": 0.0030447
        }
    ],
    [
        {
            "tag": "epoch",
            "value": 14.0
        },
        {
            "tag": "train/box_loss",
            "value": 1.2565
        },
        {
            "tag": "train/cls_loss",
            "value": 1.2072
        },
        {
            "tag": "train/dfl_loss",
            "value": 0.86958
        },
        {
            "tag": "metrics/precision(B)",
            "value": 0.01182
        },
        {
            "tag": "metrics/recall(B)",
            "value": 1.0
        },
        {
            "tag": "metrics/mAP50(B)",
            "value": 0.3396
        },
        {
            "tag": "metrics/mAP50-95(B)",
            "value": 0.24331
        },
        {
            "tag": "val/box_loss",
            "value": 0.92479
        },
        {
            "tag": "val/cls_loss",
            "value": 3.1281
        },
        {
            "tag": "val/dfl_loss",
            "value": 0.80426
        },
        {
            "tag": "lr/pg0",
            "value": 0.05918
        },
        {
            "tag": "lr/pg1",
            "value": 0.0031803
        },
        {
            "tag": "lr/pg2",
            "value": 0.0031803
        }
    ],
    [
        {
            "tag": "epoch",
            "value": 15.0
        },
        {
            "tag": "train/box_loss",
            "value": 1.1619
        },
        {
            "tag": "train/cls_loss",
            "value": 1.0864
        },
        {
            "tag": "train/dfl_loss",
            "value": 0.84355
        },
        {
            "tag": "metrics/precision(B)",
            "value": 0.01084
        },
        {
            "tag": "metrics/recall(B)",
            "value": 1.0
        },
        {
            "tag": "metrics/mAP50(B)",
            "value": 0.6014
        },
        {
            "tag": "metrics/mAP50-95(B)",
            "value": 0.47542
        },
        {
            "tag": "val/box_loss",
            "value": 0.90732
        },
        {
            "tag": "val/cls_loss",
            "value": 2.9574
        },
        {
            "tag": "val/dfl_loss",
            "value": 0.81962
        },
        {
            "tag": "lr/pg0",
            "value": 0.056304
        },
        {
            "tag": "lr/pg1",
            "value": 0.0033041
        },
        {
            "tag": "lr/pg2",
            "value": 0.0033041
        }
    ],
    [
        {
            "tag": "epoch",
            "value": 16.0
        },
        {
            "tag": "train/box_loss",
            "value": 1.2306
        },
        {
            "tag": "train/cls_loss",
            "value": 1.0907
        },
        {
            "tag": "train/dfl_loss",
            "value": 0.84259
        },
        {
            "tag": "metrics/precision(B)",
            "value": 0.01119
        },
        {
            "tag": "metrics/recall(B)",
            "value": 1.0
        },
        {
            "tag": "metrics/mAP50(B)",
            "value": 0.61106
        },
        {
            "tag": "metrics/mAP50-95(B)",
            "value": 0.49215
        },
        {
            "tag": "val/box_loss",
            "value": 0.87362
        },
        {
            "tag": "val/cls_loss",
            "value": 2.8971
        },
        {
            "tag": "val/dfl_loss",
            "value": 0.81892
        },
        {
            "tag": "lr/pg0",
            "value": 0.053416
        },
        {
            "tag": "lr/pg1",
            "value": 0.003416
        },
        {
            "tag": "lr/pg2",
            "value": 0.003416
        }
    ],
    [
        {
            "tag": "epoch",
            "value": 17.0
        },
        {
            "tag": "train/box_loss",
            "value": 1.2891
        },
        {
            "tag": "train/cls_loss",
            "value": 1.146
        },
        {
            "tag": "train/dfl_loss",
            "value": 0.83934
        },
        {
            "tag": "metrics/precision(B)",
            "value": 0.01153
        },
        {
            "tag": "metrics/recall(B)",
            "value": 1.0
        },
        {
            "tag": "metrics/mAP50(B)",
            "value": 0.54161
        },
        {
            "tag": "metrics/mAP50-95(B)",
            "value": 0.43573
        },
        {
            "tag": "val/box_loss",
            "value": 0.95154
        },
        {
            "tag": "val/cls_loss",
            "value": 2.9422
        },
        {
            "tag": "val/dfl_loss",
            "value": 0.82461
        },
        {
            "tag": "lr/pg0",
            "value": 0.050516
        },
        {
            "tag": "lr/pg1",
            "value": 0.003516
        },
        {
            "tag": "lr/pg2",
            "value": 0.003516
        }
    ],
    [
        {
            "tag": "epoch",
            "value": 18.0
        },
        {
            "tag": "train/box_loss",
            "value": 1.2292
        },
        {
            "tag": "train/cls_loss",
            "value": 0.95603
        },
        {
            "tag": "train/dfl_loss",
            "value": 0.8993
        },
        {
            "tag": "metrics/precision(B)",
            "value": 0.0111
        },
        {
            "tag": "metrics/recall(B)",
            "value": 1.0
        },
        {
            "tag": "metrics/mAP50(B)",
            "value": 0.59463
        },
        {
            "tag": "metrics/mAP50-95(B)",
            "value": 0.43627
        },
        {
            "tag": "val/box_loss",
            "value": 1.0552
        },
        {
            "tag": "val/cls_loss",
            "value": 2.7932
        },
        {
            "tag": "val/dfl_loss",
            "value": 0.82288
        },
        {
            "tag": "lr/pg0",
            "value": 0.047604
        },
        {
            "tag": "lr/pg1",
            "value": 0.0036042
        },
        {
            "tag": "lr/pg2",
            "value": 0.0036042
        }
    ],
    [
        {
            "tag": "epoch",
            "value": 19.0
        },
        {
            "tag": "train/box_loss",
            "value": 1.278
        },
        {
            "tag": "train/cls_loss",
            "value": 1.0678
        },
        {
            "tag": "train/dfl_loss",
            "value": 0.84484
        },
        {
            "tag": "metrics/precision(B)",
            "value": 0.01127
        },
        {
            "tag": "metrics/recall(B)",
            "value": 1.0
        },
        {
            "tag": "metrics/mAP50(B)",
            "value": 0.70502
        },
        {
            "tag": "metrics/mAP50-95(B)",
            "value": 0.46653
        },
        {
            "tag": "val/box_loss",
            "value": 1.0941
        },
        {
            "tag": "val/cls_loss",
            "value": 2.7007
        },
        {
            "tag": "val/dfl_loss",
            "value": 0.82413
        },
        {
            "tag": "lr/pg0",
            "value": 0.04468
        },
        {
            "tag": "lr/pg1",
            "value": 0.0036804
        },
        {
            "tag": "lr/pg2",
            "value": 0.0036804
        }
    ],
    [
        {
            "tag": "epoch",
            "value": 20.0
        },
        {
            "tag": "train/box_loss",
            "value": 1.2885
        },
        {
            "tag": "train/cls_loss",
            "value": 1.0391
        },
        {
            "tag": "train/dfl_loss",
            "value": 0.87636
        },
        {
            "tag": "metrics/precision(B)",
            "value": 0.01152
        },
        {
            "tag": "metrics/recall(B)",
            "value": 1.0
        },
        {
            "tag": "metrics/mAP50(B)",
            "value": 0.80763
        },
        {
            "tag": "metrics/mAP50-95(B)",
            "value": 0.62254
        },
        {
            "tag": "val/box_loss",
            "value": 0.85571
        },
        {
            "tag": "val/cls_loss",
            "value": 2.6563
        },
        {
            "tag": "val/dfl_loss",
            "value": 0.82822
        },
        {
            "tag": "lr/pg0",
            "value": 0.041745
        },
        {
            "tag": "lr/pg1",
            "value": 0.0037448
        },
        {
            "tag": "lr/pg2",
            "value": 0.0037448
        }
    ],
    [
        {
            "tag": "epoch",
            "value": 21.0
        },
        {
            "tag": "train/box_loss",
            "value": 1.1653
        },
        {
            "tag": "train/cls_loss",
            "value": 0.93016
        },
        {
            "tag": "train/dfl_loss",
            "value": 0.87825
        },
        {
            "tag": "metrics/precision(B)",
            "value": 0.01051
        },
        {
            "tag": "metrics/recall(B)",
            "value": 1.0
        },
        {
            "tag": "metrics/mAP50(B)",
            "value": 0.8248
        },
        {
            "tag": "metrics/mAP50-95(B)",
            "value": 0.59788
        },
        {
            "tag": "val/box_loss",
            "value": 0.91013
        },
        {
            "tag": "val/cls_loss",
            "value": 2.6294
        },
        {
            "tag": "val/dfl_loss",
            "value": 0.81782
        },
        {
            "tag": "lr/pg0",
            "value": 0.038797
        },
        {
            "tag": "lr/pg1",
            "value": 0.0037973
        },
        {
            "tag": "lr/pg2",
            "value": 0.0037973
        }
    ],
    [
        {
            "tag": "epoch",
            "value": 22.0
        },
        {
            "tag": "train/box_loss",
            "value": 1.3258
        },
        {
            "tag": "train/cls_loss",
            "value": 0.99866
        },
        {
            "tag": "train/dfl_loss",
            "value": 0.84757
        },
        {
            "tag": "metrics/precision(B)",
            "value": 0.00939
        },
        {
            "tag": "metrics/recall(B)",
            "value": 1.0
        },
        {
            "tag": "metrics/mAP50(B)",
            "value": 0.70515
        },
        {
            "tag": "metrics/mAP50-95(B)",
            "value": 0.50309
        },
        {
            "tag": "val/box_loss",
            "value": 0.95752
        },
        {
            "tag": "val/cls_loss",
            "value": 2.7417
        },
        {
            "tag": "val/dfl_loss",
            "value": 0.80781
        },
        {
            "tag": "lr/pg0",
            "value": 0.035838
        },
        {
            "tag": "lr/pg1",
            "value": 0.0038379
        },
        {
            "tag": "lr/pg2",
            "value": 0.0038379
        }
    ],
    [
        {
            "tag": "epoch",
            "value": 23.0
        },
        {
            "tag": "train/box_loss",
            "value": 1.0213
        },
        {
            "tag": "train/cls_loss",
            "value": 0.92881
        },
        {
            "tag": "train/dfl_loss",
            "value": 0.87312
        },
        {
            "tag": "metrics/precision(B)",
            "value": 0.00818
        },
        {
            "tag": "metrics/recall(B)",
            "value": 1.0
        },
        {
            "tag": "metrics/mAP50(B)",
            "value": 0.82322
        },
        {
            "tag": "metrics/mAP50-95(B)",
            "value": 0.51773
        },
        {
            "tag": "val/box_loss",
            "value": 1.0161
        },
        {
            "tag": "val/cls_loss",
            "value": 2.6539
        },
        {
            "tag": "val/dfl_loss",
            "value": 0.82584
        },
        {
            "tag": "lr/pg0",
            "value": 0.032867
        },
        {
            "tag": "lr/pg1",
            "value": 0.0038667
        },
        {
            "tag": "lr/pg2",
            "value": 0.0038667
        }
    ],
    [
        {
            "tag": "epoch",
            "value": 24.0
        },
        {
            "tag": "train/box_loss",
            "value": 1.2179
        },
        {
            "tag": "train/cls_loss",
            "value": 0.99538
        },
        {
            "tag": "train/dfl_loss",
            "value": 0.85578
        },
        {
            "tag": "metrics/precision(B)",
            "value": 0.00876
        },
        {
            "tag": "metrics/recall(B)",
            "value": 1.0
        },
        {
            "tag": "metrics/mAP50(B)",
            "value": 0.84194
        },
        {
            "tag": "metrics/mAP50-95(B)",
            "value": 0.6447
        },
        {
            "tag": "val/box_loss",
            "value": 0.86505
        },
        {
            "tag": "val/cls_loss",
            "value": 2.6011
        },
        {
            "tag": "val/dfl_loss",
            "value": 0.81864
        },
        {
            "tag": "lr/pg0",
            "value": 0.029884
        },
        {
            "tag": "lr/pg1",
            "value": 0.0038835
        },
        {
            "tag": "lr/pg2",
            "value": 0.0038835
        }
    ],
    [
        {
            "tag": "epoch",
            "value": 25.0
        },
        {
            "tag": "train/box_loss",
            "value": 1.1044
        },
        {
            "tag": "train/cls_loss",
            "value": 0.98287
        },
        {
            "tag": "train/dfl_loss",
            "value": 0.82445
        },
        {
            "tag": "metrics/precision(B)",
            "value": 0.00927
        },
        {
            "tag": "metrics/recall(B)",
            "value": 1.0
        },
        {
            "tag": "metrics/mAP50(B)",
            "value": 0.86037
        },
        {
            "tag": "metrics/mAP50-95(B)",
            "value": 0.65249
        },
        {
            "tag": "val/box_loss",
            "value": 0.9304
        },
        {
            "tag": "val/cls_loss",
            "value": 2.5645
        },
        {
            "tag": "val/dfl_loss",
            "value": 0.83059
        },
        {
            "tag": "lr/pg0",
            "value": 0.026888
        },
        {
            "tag": "lr/pg1",
            "value": 0.0038885
        },
        {
            "tag": "lr/pg2",
            "value": 0.0038885
        }
    ],
    [
        {
            "tag": "epoch",
            "value": 26.0
        },
        {
            "tag": "train/box_loss",
            "value": 1.2982
        },
        {
            "tag": "train/cls_loss",
            "value": 0.97347
        },
        {
            "tag": "train/dfl_loss",
            "value": 0.8829
        },
        {
            "tag": "metrics/precision(B)",
            "value": 0.00946
        },
        {
            "tag": "metrics/recall(B)",
            "value": 1.0
        },
        {
            "tag": "metrics/mAP50(B)",
            "value": 0.77735
        },
        {
            "tag": "metrics/mAP50-95(B)",
            "value": 0.52433
        },
        {
            "tag": "val/box_loss",
            "value": 1.0165
        },
        {
            "tag": "val/cls_loss",
            "value": 2.5604
        },
        {
            "tag": "val/dfl_loss",
            "value": 0.82733
        },
        {
            "tag": "lr/pg0",
            "value": 0.023882
        },
        {
            "tag": "lr/pg1",
            "value": 0.0038816
        },
        {
            "tag": "lr/pg2",
            "value": 0.0038816
        }
    ],
    [
        {
            "tag": "epoch",
            "value": 27.0
        },
        {
            "tag": "train/box_loss",
            "value": 1.2253
        },
        {
            "tag": "train/cls_loss",
            "value": 0.93705
        },
        {
            "tag": "train/dfl_loss",
            "value": 0.87476
        },
        {
            "tag": "metrics/precision(B)",
            "value": 0.1449
        },
        {
            "tag": "metrics/recall(B)",
            "value": 1.0
        },
        {
            "tag": "metrics/mAP50(B)",
            "value": 0.91276
        },
        {
            "tag": "metrics/mAP50-95(B)",
            "value": 0.67404
        },
        {
            "tag": "val/box_loss",
            "value": 0.85461
        },
        {
            "tag": "val/cls_loss",
            "value": 2.3224
        },
        {
            "tag": "val/dfl_loss",
            "value": 0.81414
        },
        {
            "tag": "lr/pg0",
            "value": 0.020863
        },
        {
            "tag": "lr/pg1",
            "value": 0.0038628
        },
        {
            "tag": "lr/pg2",
            "value": 0.0038628
        }
    ],
    [
        {
            "tag": "epoch",
            "value": 28.0
        },
        {
            "tag": "train/box_loss",
            "value": 1.144
        },
        {
            "tag": "train/cls_loss",
            "value": 0.95058
        },
        {
            "tag": "train/dfl_loss",
            "value": 0.81897
        },
        {
            "tag": "metrics/precision(B)",
            "value": 0.09273
        },
        {
            "tag": "metrics/recall(B)",
            "value": 1.0
        },
        {
            "tag": "metrics/mAP50(B)",
            "value": 0.89667
        },
        {
            "tag": "metrics/mAP50-95(B)",
            "value": 0.58399
        },
        {
            "tag": "val/box_loss",
            "value": 0.98823
        },
        {
            "tag": "val/cls_loss",
            "value": 2.4404
        },
        {
            "tag": "val/dfl_loss",
            "value": 0.82642
        },
        {
            "tag": "lr/pg0",
            "value": 0.017832
        },
        {
            "tag": "lr/pg1",
            "value": 0.0038322
        },
        {
            "tag": "lr/pg2",
            "value": 0.0038322
        }
    ],
    [
        {
            "tag": "epoch",
            "value": 29.0
        },
        {
            "tag": "train/box_loss",
            "value": 1.1553
        },
        {
            "tag": "train/cls_loss",
            "value": 0.94441
        },
        {
            "tag": "train/dfl_loss",
            "value": 0.87402
        },
        {
            "tag": "metrics/precision(B)",
            "value": 0.8817
        },
        {
            "tag": "metrics/recall(B)",
            "value": 0.74667
        },
        {
            "tag": "metrics/mAP50(B)",
            "value": 0.97
        },
        {
            "tag": "metrics/mAP50-95(B)",
            "value": 0.67386
        },
        {
            "tag": "val/box_loss",
            "value": 0.98122
        },
        {
            "tag": "val/cls_loss",
            "value": 2.1971
        },
        {
            "tag": "val/dfl_loss",
            "value": 0.82808
        },
        {
            "tag": "lr/pg0",
            "value": 0.01479
        },
        {
            "tag": "lr/pg1",
            "value": 0.0037896
        },
        {
            "tag": "lr/pg2",
            "value": 0.0037896
        }
    ],
    [
        {
            "tag": "epoch",
            "value": 30.0
        },
        {
            "tag": "train/box_loss",
            "value": 1.2415
        },
        {
            "tag": "train/cls_loss",
            "value": 0.95698
        },
        {
            "tag": "train/dfl_loss",
            "value": 0.88418
        },
        {
            "tag": "metrics/precision(B)",
            "value": 0.88394
        },
        {
            "tag": "metrics/recall(B)",
            "value": 0.72454
        },
        {
            "tag": "metrics/mAP50(B)",
            "value": 0.94643
        },
        {
            "tag": "metrics/mAP50-95(B)",
            "value": 0.677
        },
        {
            "tag": "val/box_loss",
            "value": 0.85716
        },
        {
            "tag": "val/cls_loss",
            "value": 2.1766
        },
        {
            "tag": "val/dfl_loss",
            "value": 0.80352
        },
        {
            "tag": "lr/pg0",
            "value": 0.011735
        },
        {
            "tag": "lr/pg1",
            "value": 0.0037352
        },
        {
            "tag": "lr/pg2",
            "value": 0.0037352
        }
    ],
    [
        {
            "tag": "epoch",
            "value": 31.0
        },
        {
            "tag": "train/box_loss",
            "value": 0.98509
        },
        {
            "tag": "train/cls_loss",
            "value": 0.81363
        },
        {
            "tag": "train/dfl_loss",
            "value": 0.85238
        },
        {
            "tag": "metrics/precision(B)",
            "value": 0.89268
        },
        {
            "tag": "metrics/recall(B)",
            "value": 0.7834
        },
        {
            "tag": "metrics/mAP50(B)",
            "value": 0.92875
        },
        {
            "tag": "metrics/mAP50-95(B)",
            "value": 0.70214
        },
        {
            "tag": "val/box_loss",
            "value": 1.0199
        },
        {
            "tag": "val/cls_loss",
            "value": 2.1322
        },
        {
            "tag": "val/dfl_loss",
            "value": 0.81453
        },
        {
            "tag": "lr/pg0",
            "value": 0.0086689
        },
        {
            "tag": "lr/pg1",
            "value": 0.0036689
        },
        {
            "tag": "lr/pg2",
            "value": 0.0036689
        }
    ],
    [
        {
            "tag": "epoch",
            "value": 32.0
        },
        {
            "tag": "train/box_loss",
            "value": 1.1357
        },
        {
            "tag": "train/cls_loss",
            "value": 0.87941
        },
        {
            "tag": "train/dfl_loss",
            "value": 0.82985
        },
        {
            "tag": "metrics/precision(B)",
            "value": 0.87746
        },
        {
            "tag": "metrics/recall(B)",
            "value": 0.70983
        },
        {
            "tag": "metrics/mAP50(B)",
            "value": 0.94643
        },
        {
            "tag": "metrics/mAP50-95(B)",
            "value": 0.67265
        },
        {
            "tag": "val/box_loss",
            "value": 0.88489
        },
        {
            "tag": "val/cls_loss",
            "value": 1.9222
        },
        {
            "tag": "val/dfl_loss",
            "value": 0.81967
        },
        {
            "tag": "lr/pg0",
            "value": 0.0055907
        },
        {
            "tag": "lr/pg1",
            "value": 0.0035907
        },
        {
            "tag": "lr/pg2",
            "value": 0.0035907
        }
    ],
    [
        {
            "tag": "epoch",
            "value": 33.0
        },
        {
            "tag": "train/box_loss",
            "value": 1.0162
        },
        {
            "tag": "train/cls_loss",
            "value": 0.84452
        },
        {
            "tag": "train/dfl_loss",
            "value": 0.85229
        },
        {
            "tag": "metrics/precision(B)",
            "value": 0.89598
        },
        {
            "tag": "metrics/recall(B)",
            "value": 0.70094
        },
        {
            "tag": "metrics/mAP50(B)",
            "value": 0.91905
        },
        {
            "tag": "metrics/mAP50-95(B)",
            "value": 0.66606
        },
        {
            "tag": "val/box_loss",
            "value": 1.0998
        },
        {
            "tag": "val/cls_loss",
            "value": 1.8041
        },
        {
            "tag": "val/dfl_loss",
            "value": 0.82032
        },
        {
            "tag": "lr/pg0",
            "value": 0.003466
        },
        {
            "tag": "lr/pg1",
            "value": 0.003466
        },
        {
            "tag": "lr/pg2",
            "value": 0.003466
        }
    ],
    [
        {
            "tag": "epoch",
            "value": 34.0
        },
        {
            "tag": "train/box_loss",
            "value": 1.059
        },
        {
            "tag": "train/cls_loss",
            "value": 0.86168
        },
        {
            "tag": "train/dfl_loss",
            "value": 0.83006
        },
        {
            "tag": "metrics/precision(B)",
            "value": 0.89647
        },
        {
            "tag": "metrics/recall(B)",
            "value": 0.75958
        },
        {
            "tag": "metrics/mAP50(B)",
            "value": 0.97
        },
        {
            "tag": "metrics/mAP50-95(B)",
            "value": 0.73735
        },
        {
            "tag": "val/box_loss",
            "value": 0.95901
        },
        {
            "tag": "val/cls_loss",
            "value": 1.7169
        },
        {
            "tag": "val/dfl_loss",
            "value": 0.82631
        },
        {
            "tag": "lr/pg0",
            "value": 0.003466
        },
        {
            "tag": "lr/pg1",
            "value": 0.003466
        },
        {
            "tag": "lr/pg2",
            "value": 0.003466
        }
    ],
    [
        {
            "tag": "epoch",
            "value": 35.0
        },
        {
            "tag": "train/box_loss",
            "value": 1.0992
        },
        {
            "tag": "train/cls_loss",
            "value": 0.84152
        },
        {
            "tag": "train/dfl_loss",
            "value": 0.87469
        },
        {
            "tag": "metrics/precision(B)",
            "value": 0.87377
        },
        {
            "tag": "metrics/recall(B)",
            "value": 0.81633
        },
        {
            "tag": "metrics/mAP50(B)",
            "value": 0.995
        },
        {
            "tag": "metrics/mAP50-95(B)",
            "value": 0.76638
        },
        {
            "tag": "val/box_loss",
            "value": 0.93708
        },
        {
            "tag": "val/cls_loss",
            "value": 1.5617
        },
        {
            "tag": "val/dfl_loss",
            "value": 0.81647
        },
        {
            "tag": "lr/pg0",
            "value": 0.003268
        },
        {
            "tag": "lr/pg1",
            "value": 0.003268
        },
        {
            "tag": "lr/pg2",
            "value": 0.003268
        }
    ],
    [
        {
            "tag": "epoch",
            "value": 36.0
        },
        {
            "tag": "train/box_loss",
            "value": 1.1421
        },
        {
            "tag": "train/cls_loss",
            "value": 0.80643
        },
        {
            "tag": "train/dfl_loss",
            "value": 0.84414
        },
        {
            "tag": "metrics/precision(B)",
            "value": 0.87183
        },
        {
            "tag": "metrics/recall(B)",
            "value": 0.81084
        },
        {
            "tag": "metrics/mAP50(B)",
            "value": 0.98357
        },
        {
            "tag": "metrics/mAP50-95(B)",
            "value": 0.72276
        },
        {
            "tag": "val/box_loss",
            "value": 0.94994
        },
        {
            "tag": "val/cls_loss",
            "value": 1.5452
        },
        {
            "tag": "val/dfl_loss",
            "value": 0.81406
        },
        {
            "tag": "lr/pg0",
            "value": 0.00307
        },
        {
            "tag": "lr/pg1",
            "value": 0.00307
        },
        {
            "tag": "lr/pg2",
            "value": 0.00307
        }
    ],
    [
        {
            "tag": "epoch",
            "value": 37.0
        },
        {
            "tag": "train/box_loss",
            "value": 1.0989
        },
        {
            "tag": "train/cls_loss",
            "value": 0.8635
        },
        {
            "tag": "train/dfl_loss",
            "value": 0.87572
        },
        {
            "tag": "metrics/precision(B)",
            "value": 0.82776
        },
        {
            "tag": "metrics/recall(B)",
            "value": 0.91667
        },
        {
            "tag": "metrics/mAP50(B)",
            "value": 0.98357
        },
        {
            "tag": "metrics/mAP50-95(B)",
            "value": 0.65392
        },
        {
            "tag": "val/box_loss",
            "value": 0.97809
        },
        {
            "tag": "val/cls_loss",
            "value": 1.2957
        },
        {
            "tag": "val/dfl_loss",
            "value": 0.81681
        },
        {
            "tag": "lr/pg0",
            "value": 0.002872
        },
        {
            "tag": "lr/pg1",
            "value": 0.002872
        },
        {
            "tag": "lr/pg2",
            "value": 0.002872
        }
    ],
    [
        {
            "tag": "epoch",
            "value": 38.0
        },
        {
            "tag": "train/box_loss",
            "value": 1.07
        },
        {
            "tag": "train/cls_loss",
            "value": 0.78833
        },
        {
            "tag": "train/dfl_loss",
            "value": 0.86343
        },
        {
            "tag": "metrics/precision(B)",
            "value": 0.78226
        },
        {
            "tag": "metrics/recall(B)",
            "value": 0.94945
        },
        {
            "tag": "metrics/mAP50(B)",
            "value": 0.97143
        },
        {
            "tag": "metrics/mAP50-95(B)",
            "value": 0.73907
        },
        {
            "tag": "val/box_loss",
            "value": 0.89261
        },
        {
            "tag": "val/cls_loss",
            "value": 1.2183
        },
        {
            "tag": "val/dfl_loss",
            "value": 0.80813
        },
        {
            "tag": "lr/pg0",
            "value": 0.002674
        },
        {
            "tag": "lr/pg1",
            "value": 0.002674
        },
        {
            "tag": "lr/pg2",
            "value": 0.002674
        }
    ],
    [
        {
            "tag": "epoch",
            "value": 39.0
        },
        {
            "tag": "train/box_loss",
            "value": 0.97465
        },
        {
            "tag": "train/cls_loss",
            "value": 0.78052
        },
        {
            "tag": "train/dfl_loss",
            "value": 0.82377
        },
        {
            "tag": "metrics/precision(B)",
            "value": 0.85575
        },
        {
            "tag": "metrics/recall(B)",
            "value": 0.97862
        },
        {
            "tag": "metrics/mAP50(B)",
            "value": 0.995
        },
        {
            "tag": "metrics/mAP50-95(B)",
            "value": 0.67893
        },
        {
            "tag": "val/box_loss",
            "value": 1.0681
        },
        {
            "tag": "val/cls_loss",
            "value": 1.0699
        },
        {
            "tag": "val/dfl_loss",
            "value": 0.82094
        },
        {
            "tag": "lr/pg0",
            "value": 0.002476
        },
        {
            "tag": "lr/pg1",
            "value": 0.002476
        },
        {
            "tag": "lr/pg2",
            "value": 0.002476
        }
    ],
    [
        {
            "tag": "epoch",
            "value": 40.0
        },
        {
            "tag": "train/box_loss",
            "value": 0.9542
        },
        {
            "tag": "train/cls_loss",
            "value": 0.7749
        },
        {
            "tag": "train/dfl_loss",
            "value": 0.81831
        },
        {
            "tag": "metrics/precision(B)",
            "value": 0.86242
        },
        {
            "tag": "metrics/recall(B)",
            "value": 0.97409
        },
        {
            "tag": "metrics/mAP50(B)",
            "value": 0.995
        },
        {
            "tag": "metrics/mAP50-95(B)",
            "value": 0.73633
        },
        {
            "tag": "val/box_loss",
            "value": 0.85983
        },
        {
            "tag": "val/cls_loss",
            "value": 1.0521
        },
        {
            "tag": "val/dfl_loss",
            "value": 0.80687
        },
        {
            "tag": "lr/pg0",
            "value": 0.002278
        },
        {
            "tag": "lr/pg1",
            "value": 0.002278
        },
        {
            "tag": "lr/pg2",
            "value": 0.002278
        }
    ],
    [
        {
            "tag": "epoch",
            "value": 41.0
        },
        {
            "tag": "train/box_loss",
            "value": 0.8765
        },
        {
            "tag": "train/cls_loss",
            "value": 0.73879
        },
        {
            "tag": "train/dfl_loss",
            "value": 0.83627
        },
        {
            "tag": "metrics/precision(B)",
            "value": 0.8715
        },
        {
            "tag": "metrics/recall(B)",
            "value": 0.9768
        },
        {
            "tag": "metrics/mAP50(B)",
            "value": 0.995
        },
        {
            "tag": "metrics/mAP50-95(B)",
            "value": 0.74437
        },
        {
            "tag": "val/box_loss",
            "value": 0.87501
        },
        {
            "tag": "val/cls_loss",
            "value": 0.93509
        },
        {
            "tag": "val/dfl_loss",
            "value": 0.81291
        },
        {
            "tag": "lr/pg0",
            "value": 0.00208
        },
        {
            "tag": "lr/pg1",
            "value": 0.00208
        },
        {
            "tag": "lr/pg2",
            "value": 0.00208
        }
    ],
    [
        {
            "tag": "epoch",
            "value": 42.0
        },
        {
            "tag": "train/box_loss",
            "value": 0.83902
        },
        {
            "tag": "train/cls_loss",
            "value": 0.69143
        },
        {
            "tag": "train/dfl_loss",
            "value": 0.83585
        },
        {
            "tag": "metrics/precision(B)",
            "value": 0.87124
        },
        {
            "tag": "metrics/recall(B)",
            "value": 0.97278
        },
        {
            "tag": "metrics/mAP50(B)",
            "value": 0.995
        },
        {
            "tag": "metrics/mAP50-95(B)",
            "value": 0.79782
        },
        {
            "tag": "val/box_loss",
            "value": 0.76355
        },
        {
            "tag": "val/cls_loss",
            "value": 0.9368
        },
        {
            "tag": "val/dfl_loss",
            "value": 0.79799
        },
        {
            "tag": "lr/pg0",
            "value": 0.001882
        },
        {
            "tag": "lr/pg1",
            "value": 0.001882
        },
        {
            "tag": "lr/pg2",
            "value": 0.001882
        }
    ],
    [
        {
            "tag": "epoch",
            "value": 43.0
        },
        {
            "tag": "train/box_loss",
            "value": 0.80007
        },
        {
            "tag": "train/cls_loss",
            "value": 0.72526
        },
        {
            "tag": "train/dfl_loss",
            "value": 0.80536
        },
        {
            "tag": "metrics/precision(B)",
            "value": 0.84668
        },
        {
            "tag": "metrics/recall(B)",
            "value": 1.0
        },
        {
            "tag": "metrics/mAP50(B)",
            "value": 0.995
        },
        {
            "tag": "metrics/mAP50-95(B)",
            "value": 0.74569
        },
        {
            "tag": "val/box_loss",
            "value": 0.79487
        },
        {
            "tag": "val/cls_loss",
            "value": 0.97007
        },
        {
            "tag": "val/dfl_loss",
            "value": 0.80407
        },
        {
            "tag": "lr/pg0",
            "value": 0.001684
        },
        {
            "tag": "lr/pg1",
            "value": 0.001684
        },
        {
            "tag": "lr/pg2",
            "value": 0.001684
        }
    ],
    [
        {
            "tag": "epoch",
            "value": 44.0
        },
        {
            "tag": "train/box_loss",
            "value": 0.83121
        },
        {
            "tag": "train/cls_loss",
            "value": 0.71317
        },
        {
            "tag": "train/dfl_loss",
            "value": 0.83488
        },
        {
            "tag": "metrics/precision(B)",
            "value": 0.85443
        },
        {
            "tag": "metrics/recall(B)",
            "value": 1.0
        },
        {
            "tag": "metrics/mAP50(B)",
            "value": 0.995
        },
        {
            "tag": "metrics/mAP50-95(B)",
            "value": 0.7858
        },
        {
            "tag": "val/box_loss",
            "value": 0.79629
        },
        {
            "tag": "val/cls_loss",
            "value": 0.95629
        },
        {
            "tag": "val/dfl_loss",
            "value": 0.80456
        },
        {
            "tag": "lr/pg0",
            "value": 0.001486
        },
        {
            "tag": "lr/pg1",
            "value": 0.001486
        },
        {
            "tag": "lr/pg2",
            "value": 0.001486
        }
    ],
    [
        {
            "tag": "epoch",
            "value": 45.0
        },
        {
            "tag": "train/box_loss",
            "value": 0.73724
        },
        {
            "tag": "train/cls_loss",
            "value": 0.68812
        },
        {
            "tag": "train/dfl_loss",
            "value": 0.82477
        },
        {
            "tag": "metrics/precision(B)",
            "value": 0.83333
        },
        {
            "tag": "metrics/recall(B)",
            "value": 1.0
        },
        {
            "tag": "metrics/mAP50(B)",
            "value": 0.995
        },
        {
            "tag": "metrics/mAP50-95(B)",
            "value": 0.78098
        },
        {
            "tag": "val/box_loss",
            "value": 0.7365
        },
        {
            "tag": "val/cls_loss",
            "value": 0.91485
        },
        {
            "tag": "val/dfl_loss",
            "value": 0.80378
        },
        {
            "tag": "lr/pg0",
            "value": 0.001288
        },
        {
            "tag": "lr/pg1",
            "value": 0.001288
        },
        {
            "tag": "lr/pg2",
            "value": 0.001288
        }
    ],
    [
        {
            "tag": "epoch",
            "value": 46.0
        },
        {
            "tag": "train/box_loss",
            "value": 0.76023
        },
        {
            "tag": "train/cls_loss",
            "value": 0.67287
        },
        {
            "tag": "train/dfl_loss",
            "value": 0.81807
        },
        {
            "tag": "metrics/precision(B)",
            "value": 0.82516
        },
        {
            "tag": "metrics/recall(B)",
            "value": 1.0
        },
        {
            "tag": "metrics/mAP50(B)",
            "value": 0.995
        },
        {
            "tag": "metrics/mAP50-95(B)",
            "value": 0.79925
        },
        {
            "tag": "val/box_loss",
            "value": 0.731
        },
        {
            "tag": "val/cls_loss",
            "value": 0.8978
        },
        {
            "tag": "val/dfl_loss",
            "value": 0.8027
        },
        {
            "tag": "lr/pg0",
            "value": 0.00109
        },
        {
            "tag": "lr/pg1",
            "value": 0.00109
        },
        {
            "tag": "lr/pg2",
            "value": 0.00109
        }
    ],
    [
        {
            "tag": "epoch",
            "value": 47.0
        },
        {
            "tag": "train/box_loss",
            "value": 0.76101
        },
        {
            "tag": "train/cls_loss",
            "value": 0.68755
        },
        {
            "tag": "train/dfl_loss",
            "value": 0.8403
        },
        {
            "tag": "metrics/precision(B)",
            "value": 0.81987
        },
        {
            "tag": "metrics/recall(B)",
            "value": 1.0
        },
        {
            "tag": "metrics/mAP50(B)",
            "value": 0.995
        },
        {
            "tag": "metrics/mAP50-95(B)",
            "value": 0.80208
        },
        {
            "tag": "val/box_loss",
            "value": 0.74121
        },
        {
            "tag": "val/cls_loss",
            "value": 0.84936
        },
        {
            "tag": "val/dfl_loss",
            "value": 0.79721
        },
        {
            "tag": "lr/pg0",
            "value": 0.000892
        },
        {
            "tag": "lr/pg1",
            "value": 0.000892
        },
        {
            "tag": "lr/pg2",
            "value": 0.000892
        }
    ],
    [
        {
            "tag": "epoch",
            "value": 48.0
        },
        {
            "tag": "train/box_loss",
            "value": 0.69169
        },
        {
            "tag": "train/cls_loss",
            "value": 0.63124
        },
        {
            "tag": "train/dfl_loss",
            "value": 0.84799
        },
        {
            "tag": "metrics/precision(B)",
            "value": 0.82677
        },
        {
            "tag": "metrics/recall(B)",
            "value": 1.0
        },
        {
            "tag": "metrics/mAP50(B)",
            "value": 0.995
        },
        {
            "tag": "metrics/mAP50-95(B)",
            "value": 0.83249
        },
        {
            "tag": "val/box_loss",
            "value": 0.68985
        },
        {
            "tag": "val/cls_loss",
            "value": 0.82809
        },
        {
            "tag": "val/dfl_loss",
            "value": 0.79343
        },
        {
            "tag": "lr/pg0",
            "value": 0.000694
        },
        {
            "tag": "lr/pg1",
            "value": 0.000694
        },
        {
            "tag": "lr/pg2",
            "value": 0.000694
        }
    ],
    [
        {
            "tag": "epoch",
            "value": 49.0
        },
        {
            "tag": "train/box_loss",
            "value": 0.6959
        },
        {
            "tag": "train/cls_loss",
            "value": 0.6424
        },
        {
            "tag": "train/dfl_loss",
            "value": 0.80736
        },
        {
            "tag": "metrics/precision(B)",
            "value": 0.83234
        },
        {
            "tag": "metrics/recall(B)",
            "value": 1.0
        },
        {
            "tag": "metrics/mAP50(B)",
            "value": 0.995
        },
        {
            "tag": "metrics/mAP50-95(B)",
            "value": 0.83495
        },
        {
            "tag": "val/box_loss",
            "value": 0.71995
        },
        {
            "tag": "val/cls_loss",
            "value": 0.82046
        },
        {
            "tag": "val/dfl_loss",
            "value": 0.79282
        },
        {
            "tag": "lr/pg0",
            "value": 0.000496
        },
        {
            "tag": "lr/pg1",
            "value": 0.000496
        },
        {
            "tag": "lr/pg2",
            "value": 0.000496
        }
    ]
]